1.0,0.0
1.40019,0.0
1.40023,4.0000000000040004e-05
1.4007,0.0005100000000000104
1.40117,0.0009799999999999809
1.40164,0.0014499999999999513
1.40212,0.0019299999999999873
1.40259,0.0023999999999999577
1.40306,0.002869999999999928
1.40353,0.0033399999999998986
1.404,0.003809999999999869
1.40448,0.004289999999999905
1.80126,0.0
1.80173,0.00046999999999997044
1.8022,0.0
1.80268,0.00048000000000003595
1.80315,0.0009500000000000064
1.80362,0.00046999999999997044
1.80409,0.0009399999999999409
1.80456,0.0014099999999999113
1.80504,0.0009500000000000064
1.80551,0.0014199999999999768
1.80598,0.0018899999999999473
1.80645,0.0014099999999999113
1.80692,0.0018800000000001038
1.8074,0.0023599999999999177
2.00551,0.0
2.00598,0.00046999999999997044
2.20276,0.0
2.20323,0.00046999999999997044
2.20371,0.0009500000000000064
2.20418,0.00046999999999997044
2.20465,0.0009399999999999409
2.20512,0.0014099999999999113
2.20559,0.0009399999999999409
2.20607,0.0014199999999999768
2.20654,0.0018899999999999473
2.20701,0.0014199999999999768
2.20748,0.0018899999999999473
2.20795,0.0023599999999999177
2.20843,0.0018899999999999473
2.2089,0.0023599999999999177
2.20937,0.002829999999999888
2.20984,0.0023599999999999177
2.21031,0.0028300000000003322
2.21079,0.003309999999999924
2.21126,0.002829999999999888
2.21173,0.0033000000000003027
2.2122,0.003770000000000273
2.40701,0.0
2.40748,0.00046999999999997044
2.40795,0.0009399999999999409
2.60426,0.0
2.60474,0.00048000000000003595
2.60521,0.0009500000000000064
2.60568,0.00046999999999997044
2.60615,0.0009399999999999409
2.60662,0.0014099999999999113
2.6071,0.0009500000000000064
2.60757,0.0014199999999999768
2.60804,0.0018899999999999473
2.60851,0.0014099999999999113
2.60898,0.0018799999999998818
2.60946,0.0023599999999999177
2.60993,0.0018899999999999473
2.6104,0.0023599999999999177
2.61087,0.002829999999999888
2.61134,0.002360000000000362
2.61182,0.0028399999999999537
2.61229,0.003309999999999924
2.61276,0.0028300000000003322
2.61323,0.0033000000000003027
2.6137,0.003770000000000273
2.61418,0.003310000000000368
2.61465,0.0037800000000003386
2.61512,0.004250000000000309
2.61559,0.003770000000000273
2.61606,0.004240000000000244
2.61654,0.0047200000000002795
2.61701,0.004249999999999865
2.61748,0.0047199999999998354
2.61795,0.005189999999999806
2.80804,0.0
2.80851,0.00046999999999997044
2.80898,0.0009399999999999409
2.80946,0.00048000000000003595
2.80993,0.0009500000000000064
2.8104,0.0014199999999999768
3.00577,0.0
3.00624,0.00046999999999997044
3.00671,0.0009399999999999409
3.00718,0.00046999999999997044
3.00765,0.0009399999999999409
3.00813,0.0014199999999999768
3.0086,0.0009500000000000064
3.00907,0.0014199999999999768
3.00954,0.0018899999999999473
3.01001,0.0014099999999999113
3.01049,0.0018899999999999473
3.01096,0.0023599999999999177
3.01143,0.0018899999999999473
3.0119,0.0023599999999999177
3.01237,0.0028300000000003322
3.01285,0.0023599999999999177
3.01332,0.0028300000000003322
3.01379,0.0033000000000003027
3.01426,0.0028300000000003322
3.01473,0.0033000000000003027
3.01521,0.0037800000000003386
3.01568,0.003309999999999924
3.01615,0.0037799999999998946
3.01662,0.004249999999999865
3.01709,0.003769999999999829
3.01757,0.004249999999999865
3.01804,0.0047199999999998354
3.01851,0.004249999999999865
3.01898,0.0047199999999998354
3.01945,0.005189999999999806
3.01993,0.0047199999999998354
3.0204,0.005189999999999806
3.02087,0.005659999999999776
3.02134,0.005189999999999806
3.02181,0.005659999999999776
3.02229,0.006139999999999812
3.02276,0.005669999999999842
3.02323,0.006139999999999812
3.0237,0.006609999999999783
3.02417,0.006129999999999747
3.02465,0.006609999999999783
3.02512,0.007079999999999753
3.02559,0.006609999999999783
3.02606,0.007080000000000197
3.02653,0.007550000000000168
3.20954,0.0
3.21001,0.00046999999999997044
3.21049,0.0009500000000000064
3.21096,0.00046999999999997044
3.21143,0.0009399999999999409
3.2119,0.0014099999999999113
3.21237,0.0009399999999999409
3.21285,0.0014199999999999768
3.21332,0.0018899999999999473
3.40727,0.0
3.40774,0.00046999999999997044
3.40821,0.0009399999999999409
3.40868,0.00046999999999997044
3.40916,0.0009500000000000064
3.40963,0.0014199999999999768
3.4101,0.0009399999999999409
3.41057,0.0014099999999999113
3.41104,0.0018799999999998818
3.41152,0.0014199999999999768
3.41199,0.0018899999999999473
3.41246,0.0023599999999999177
3.41293,0.0018899999999999473
3.4134,0.002360000000000362
3.41388,0.0028399999999999537
3.41435,0.002360000000000362
3.41482,0.0028300000000003322
3.41529,0.0033000000000003027
3.41576,0.0028300000000003322
3.41624,0.003310000000000368
3.41671,0.0037800000000003386
3.41718,0.0033000000000003027
3.41765,0.003770000000000273
3.41812,0.004240000000000244
3.4186,0.0037799999999998946
3.41907,0.004249999999999865
3.41954,0.0047199999999998354
3.42001,0.004249999999999865
3.42048,0.0047199999999998354
3.42096,0.005199999999999871
3.42143,0.0047199999999998354
3.4219,0.005189999999999806
3.42237,0.005659999999999776
3.42284,0.005189999999999806
3.42332,0.005669999999999842
3.42379,0.006139999999999812
3.42426,0.005659999999999776
3.42473,0.006129999999999747
3.4252,0.006599999999999717
3.42568,0.006139999999999812
3.42615,0.006609999999999783
3.42662,0.007080000000000197
3.42709,0.006610000000000227
3.42756,0.007080000000000197
3.42804,0.007560000000000233
3.42851,0.007080000000000197
3.42898,0.007550000000000168
3.42945,0.008020000000000138
3.42992,0.007550000000000168
3.4304,0.008030000000000204
3.43087,0.008500000000000174
3.43134,0.008020000000000138
3.43181,0.008490000000000109
3.43228,0.008960000000000079
3.43276,0.008500000000000174
3.43323,0.008970000000000145
3.4337,0.009440000000000115
3.43417,0.008970000000000145
3.43464,0.009440000000000115
3.43512,0.009920000000000151
3.43559,0.009440000000000115
3.43606,0.009910000000000085
3.43653,0.010380000000000056
3.437,0.009909999999999641
3.43748,0.010389999999999677
3.43795,0.010859999999999648
3.61057,0.0
3.61104,0.00046999999999997044
3.61152,0.0009500000000000064
3.61199,0.00046999999999997044
3.61246,0.0009399999999999409
3.61293,0.0014099999999999113
3.6134,0.0009399999999999409
3.61388,0.0014199999999999768
3.61435,0.0018899999999999473
3.61482,0.0014199999999999768
3.61529,0.0018899999999999473
3.61576,0.0023599999999999177
3.61624,0.0018899999999999473
3.61671,0.0023599999999999177
3.61718,0.002829999999999888
3.80877,0.0
3.80924,0.00046999999999997044
3.80972,0.0009500000000000064
3.81019,0.00046999999999997044
3.81066,0.0009399999999999409
3.81113,0.0014099999999999113
3.8116,0.0009399999999999409
3.81208,0.0014199999999999768
3.81255,0.0018899999999999473
3.81302,0.0014199999999999768
3.81349,0.0018899999999999473
3.81396,0.0023599999999999177
3.81444,0.0018899999999999473
3.81491,0.0023599999999999177
3.81538,0.0028300000000003322
3.81585,0.002360000000000362
3.81632,0.0028300000000003322
3.8168,0.003310000000000368
3.81727,0.0028300000000003322
3.81774,0.0033000000000003027
3.81821,0.003770000000000273
3.81868,0.0032999999999998586
3.81916,0.0037799999999998946
3.81963,0.004249999999999865
3.8201,0.0037799999999998946
3.82057,0.004249999999999865
3.82104,0.0047199999999998354
3.82152,0.004249999999999865
3.82199,0.0047199999999998354
3.82246,0.005189999999999806
3.82293,0.0047199999999998354
3.8234,0.005189999999999806
3.82388,0.005669999999999842
3.82435,0.005189999999999806
3.82482,0.005659999999999776
3.82529,0.006129999999999747
3.82576,0.005659999999999776
3.82624,0.006139999999999812
3.82671,0.006609999999999783
3.82718,0.006139999999999812
3.82765,0.006610000000000227
3.82812,0.007080000000000197
3.8286,0.006609999999999783
3.82907,0.007080000000000197
3.82954,0.007550000000000168
3.83001,0.007080000000000197
3.83048,0.007550000000000168
3.83096,0.008030000000000204
3.83143,0.007550000000000168
3.8319,0.008020000000000138
3.83237,0.008490000000000109
3.83284,0.008020000000000138
3.83332,0.008500000000000174
3.83379,0.008970000000000145
3.83426,0.008500000000000174
3.83473,0.008970000000000145
3.8352,0.009440000000000115
3.83568,0.008970000000000145
3.83615,0.009440000000000115
3.83662,0.009910000000000085
3.83709,0.009439999999999671
3.83756,0.009909999999999641
3.83804,0.010389999999999677
3.83851,0.009910000000000085
3.83898,0.010380000000000056
3.83945,0.010850000000000026
3.83992,0.010380000000000056
3.8404,0.010859999999999648
3.84087,0.011329999999999618
3.84134,0.010860000000000092
3.84181,0.011330000000000062
3.84228,0.011800000000000033
3.84276,0.011330000000000062
3.84323,0.011800000000000033
3.8437,0.012270000000000003
3.84417,0.011800000000000033
3.84464,0.012270000000000003
3.84512,0.012750000000000039
3.84559,0.012270000000000003
3.84606,0.012739999999999974
3.84653,0.013209999999999944
3.847,0.012739999999999974
3.84748,0.01322000000000001
3.84795,0.01368999999999998
3.84842,0.01322000000000001
3.84889,0.01368999999999998
3.84936,0.01415999999999995
3.84984,0.01368999999999998
3.85031,0.01415999999999995
3.85078,0.01462999999999992
3.85125,0.01415999999999995
3.85172,0.01462999999999992
3.8522,0.015109999999999957
3.85267,0.01462999999999992
3.85314,0.015099999999999891
3.85361,0.015570000000000306
3.85408,0.015100000000000335
3.85456,0.015580000000000371
3.85503,0.016050000000000342
4.01208,0.0
4.01255,0.00046999999999997044
4.01302,0.0009399999999999409
4.01349,0.00046999999999997044
4.01396,0.0009399999999999409
4.01444,0.0014199999999995327
4.01491,0.0009500000000004505
4.01538,0.001420000000000421
4.01585,0.0018900000000003914
4.01632,0.0014099999999999113
4.0168,0.0018899999999995032
4.01727,0.0023599999999994736
4.01774,0.0018899999999995032
4.01821,0.0023599999999994736
4.01868,0.002829999999999444
4.01916,0.002360000000000362
4.01963,0.0028300000000003322
4.0201,0.0033000000000003027
4.02057,0.0028300000000003322
4.02104,0.0033000000000003027
4.02152,0.0037799999999998946
4.2098,0.0
4.21027,0.00046999999999997044
4.21075,0.0009499999999995623
4.21122,0.00046999999999997044
4.21169,0.0009399999999999409
4.21216,0.0014099999999999113
4.21263,0.0009399999999999409
4.21311,0.001420000000000421
4.21358,0.0018900000000003914
4.21405,0.001420000000000421
4.21452,0.0018900000000003914
4.21499,0.002360000000000362
4.21547,0.0018899999999995032
4.21594,0.0023599999999994736
4.21641,0.002829999999999444
4.21688,0.0023599999999994736
4.21735,0.002829999999999444
4.21783,0.003309999999999924
4.2183,0.0028300000000003322
4.21877,0.0033000000000003027
4.21924,0.003770000000000273
4.21971,0.0033000000000003027
4.22019,0.0037799999999998946
4.22066,0.004249999999999865
4.22113,0.0037799999999998946
4.2216,0.004249999999999865
4.22207,0.004720000000000724
4.22255,0.004249999999999865
4.22302,0.0047199999999998354
4.22349,0.005189999999999806
4.22396,0.0047199999999998354
4.22443,0.005189999999999806
4.22491,0.005670000000000286
4.22538,0.005190000000000694
4.22585,0.0056600000000006645
4.22632,0.006130000000000635
4.22679,0.0056600000000006645
4.22727,0.006140000000000256
4.22774,0.006610000000000227
4.22821,0.006139999999999368
4.22868,0.006609999999999339
4.22915,0.007079999999999309
4.22963,0.006610000000000227
4.2301,0.007080000000000197
4.23057,0.007550000000000168
4.23104,0.007080000000000197
4.23151,0.007550000000000168
4.23199,0.00802999999999976
4.23246,0.0075499999999992795
4.23293,0.00801999999999925
4.2334,0.00848999999999922
4.23387,0.00801999999999925
4.23435,0.00849999999999973
4.23482,0.0089699999999997
4.23529,0.00849999999999973
4.23576,0.0089699999999997
4.23623,0.009439999999999671
4.23671,0.008970000000000589
4.23718,0.009440000000000559
4.23765,0.00991000000000053
4.23812,0.009440000000000559
4.23859,0.00991000000000053
4.23907,0.010390000000000121
4.23954,0.009909999999999641
4.24001,0.010379999999999612
4.24048,0.010849999999999582
4.24095,0.010379999999999612
4.24143,0.010860000000000092
4.2419,0.011330000000000062
4.24237,0.010860000000000092
4.24284,0.011330000000000062
4.24331,0.011800000000000033
4.24379,0.011330000000000062
4.24426,0.011800000000000033
4.24473,0.012270000000000003
4.2452,0.011800000000000033
4.24567,0.012270000000000003
4.24615,0.012750000000000483
4.24662,0.012270000000000003
4.24709,0.012739999999999974
4.24756,0.013209999999999944
4.24803,0.012739999999999974
4.24851,0.013219999999999565
4.24898,0.013690000000000424
4.24945,0.013220000000000454
4.24992,0.013690000000000424
4.25039,0.014160000000000394
4.25087,0.013689999999999536
4.25134,0.014159999999999506
4.25181,0.014629999999999477
4.25228,0.014159999999999506
4.25275,0.014629999999999477
4.25323,0.015109999999999957
4.2537,0.014630000000000365
4.25417,0.015100000000000335
4.25464,0.015570000000000306
4.25511,0.015100000000000335
4.25559,0.015579999999999927
4.25606,0.016049999999999898
4.25653,0.015579999999999927
4.257,0.016049999999999898
4.25747,0.016519999999999868
4.25795,0.016049999999999898
4.25842,0.016519999999999868
4.25889,0.01698999999999984
4.25936,0.016519999999999868
4.25983,0.01698999999999984
4.26031,0.01746999999999943
4.26078,0.01698999999999984
4.26125,0.017460000000000697
4.26172,0.017930000000000668
4.26219,0.017460000000000697
4.26267,0.01794000000000029
4.26314,0.01841000000000026
4.26361,0.01794000000000029
4.26408,0.01841000000000026
4.26455,0.01888000000000023
4.26503,0.01841000000000026
4.2655,0.01888000000000023
4.26597,0.0193500000000002
4.26644,0.01888000000000023
4.26691,0.0193500000000002
4.26739,0.019829999999999792
4.26786,0.0193500000000002
4.26833,0.01982000000000017
4.2688,0.02029000000000014
4.26927,0.019819999999999283
4.26975,0.020299999999999763
4.27022,0.020769999999999733
4.27069,0.020299999999999763
4.27116,0.020769999999999733
4.27163,0.021239999999999704
4.27211,0.020769999999999733
4.27258,0.021239999999999704
4.27305,0.021709999999999674
4.27352,0.021240000000000592
4.27399,0.021710000000000562
4.27447,0.022190000000000154
4.27494,0.021709999999999674
4.27541,0.022179999999999644
4.27588,0.022649999999999615
4.27635,0.022179999999999644
4.27683,0.022660000000000124
4.2773,0.023130000000000095
4.27777,0.022660000000000124
4.27824,0.023130000000000095
4.27871,0.023600000000000065
4.27919,0.023130000000000095
4.27966,0.023600000000000065
4.28013,0.024070000000000036
4.41358,0.0
4.41405,0.00046999999999997044
4.41452,0.0009400000000008291
4.41499,0.00046999999999997044
4.41547,0.0009499999999995623
4.41594,0.0014199999999995327
4.41641,0.0009399999999999409
4.41688,0.0014099999999999113
4.41735,0.0018799999999998818
4.41783,0.001420000000000421
4.4183,0.0018900000000003914
4.41877,0.002360000000000362
4.41924,0.0018900000000003914
4.41971,0.002360000000000362
4.42019,0.0028399999999999537
4.42066,0.0023599999999994736
4.42113,0.002829999999999444
4.4216,0.0032999999999994145
4.42207,0.002829999999999444
4.42255,0.003309999999999924
4.42302,0.0037799999999998946
4.42349,0.0033000000000003027
4.42396,0.003770000000000273
4.42443,0.004240000000000244
4.42491,0.0037799999999998946
4.42538,0.004249999999999865
4.42585,0.0047199999999998354
4.42632,0.004249999999999865
4.42679,0.0047199999999998354
4.42727,0.0052000000000003155
4.61083,0.0
4.6113,0.00046999999999997044
4.61178,0.0009500000000004505
4.61225,0.00046999999999997044
4.61272,0.0009399999999999409
4.61319,0.0014099999999999113
4.61366,0.0009399999999999409
4.61414,0.0014199999999995327
4.61461,0.0018899999999995032
4.61508,0.0014199999999995327
4.61555,0.0018899999999995032
4.61602,0.0023599999999994736
4.6165,0.0018900000000003914
4.61697,0.002360000000000362
4.61744,0.0028300000000003322
4.61791,0.002360000000000362
4.61838,0.0028300000000003322
4.61886,0.003309999999999924
4.61933,0.002829999999999444
4.6198,0.0032999999999994145
4.62027,0.003769999999999385
4.62074,0.0032999999999994145
4.62122,0.0037799999999998946
4.62169,0.004249999999999865
4.62216,0.0037799999999998946
4.62263,0.004249999999999865
4.6231,0.0047199999999998354
4.62358,0.004249999999999865
4.62405,0.004720000000000724
4.62452,0.005190000000000694
4.62499,0.004720000000000724
4.62546,0.005190000000000694
4.62594,0.005670000000000286
4.62641,0.005189999999999806
4.62688,0.005659999999999776
4.62735,0.006129999999999747
4.62782,0.005659999999999776
4.6283,0.006140000000000256
4.62877,0.006610000000000227
4.62924,0.006140000000000256
4.62971,0.006610000000000227
4.63018,0.007080000000000197
4.63066,0.006609999999999339
4.63113,0.007079999999999309
4.6316,0.0075499999999992795
4.63207,0.007079999999999309
4.63254,0.0075499999999992795
4.63302,0.00802999999999976
4.63349,0.007550000000000168
4.63396,0.008020000000000138
4.63443,0.008490000000000109
4.6349,0.008020000000000138
4.63538,0.00849999999999973
4.63585,0.0089699999999997
4.63632,0.008500000000000618
4.63679,0.008970000000000589
4.63726,0.009440000000000559
4.63774,0.0089699999999997
4.63821,0.009439999999999671
4.63868,0.009909999999999641
4.63915,0.009439999999999671
4.63962,0.009909999999999641
4.6401,0.010390000000000121
4.64057,0.00991000000000053
4.64104,0.0103800000000005
4.64151,0.01085000000000047
4.64198,0.0103800000000005
4.64246,0.010860000000000092
4.64293,0.011330000000000062
4.6434,0.010860000000000092
4.64387,0.011330000000000062
4.64434,0.011800000000000033
4.64482,0.011330000000000062
4.64529,0.011800000000000033
4.64576,0.012270000000000003
4.64623,0.011800000000000033
4.6467,0.012270000000000003
4.64718,0.012749999999999595
4.64765,0.012270000000000003
4.64812,0.012739999999999974
4.64859,0.013210000000000832
4.64906,0.012739999999999974
4.64954,0.013219999999999565
4.65001,0.013689999999999536
4.65048,0.013219999999999565
4.65095,0.013689999999999536
4.65142,0.014159999999999506
4.6519,0.013690000000000424
4.65237,0.014160000000000394
4.65284,0.014630000000000365
4.65331,0.014160000000000394
4.65378,0.014630000000000365
4.65426,0.015109999999999957
4.65473,0.014629999999999477
4.6552,0.015099999999999447
4.65567,0.015569999999999418
4.65614,0.015099999999999447
4.65662,0.015579999999999927
4.65709,0.016049999999999898
4.65756,0.015579999999999927
4.65803,0.016049999999999898
4.6585,0.016519999999999868
4.65898,0.016049999999999898
4.65945,0.016519999999999868
4.65992,0.01698999999999984
4.66039,0.016519999999999868
4.66086,0.01698999999999984
4.66134,0.01747000000000032
4.66181,0.01698999999999984
4.66228,0.01745999999999981
4.66275,0.01792999999999978
4.66322,0.01745999999999981
4.6637,0.01794000000000029
4.66417,0.01841000000000026
4.66464,0.01794000000000029
4.66511,0.01841000000000026
4.66558,0.01888000000000023
4.66606,0.01841000000000026
4.66653,0.01888000000000023
4.667,0.0193500000000002
4.66747,0.018879999999999342
4.66794,0.019349999999999312
4.66842,0.019829999999999792
4.66889,0.0193500000000002
4.66936,0.01982000000000017
4.66983,0.02029000000000014
4.6703,0.01982000000000017
4.67078,0.020299999999999763
4.67125,0.020769999999999733
4.67172,0.020299999999999763
4.67219,0.020769999999999733
4.67266,0.021239999999999704
4.67314,0.020769999999999733
4.67361,0.021239999999999704
4.67408,0.021709999999999674
4.67455,0.021239999999999704
4.67502,0.021709999999999674
4.6755,0.022190000000000154
4.67597,0.021710000000000562
4.67644,0.022180000000000533
4.67691,0.022650000000000503
4.67738,0.022180000000000533
4.67786,0.022660000000000124
4.67833,0.023130000000000095
4.6788,0.022660000000000124
4.67927,0.023130000000000095
4.67974,0.023600000000000065
4.68022,0.023130000000000095
4.68069,0.023600000000000065
4.68116,0.024070000000000036
4.68163,0.023600000000000065
4.6821,0.024070000000000036
4.68258,0.024549999999999628
4.68305,0.024070000000000036
4.68352,0.024540000000000006
4.68399,0.025009999999999977
4.68446,0.024540000000000006
4.68494,0.025020000000000486
4.68541,0.025490000000000457
4.68588,0.025020000000000486
4.68635,0.025490000000000457
4.68682,0.025960000000000427
4.6873,0.02548999999999957
4.68777,0.025960000000000427
4.68824,0.026430000000000398
4.68871,0.025960000000000427
4.68918,0.026430000000000398
4.68966,0.02690999999999999
4.69013,0.02642999999999951
4.6906,0.02689999999999948
4.69107,0.02736999999999945
4.69154,0.02689999999999948
4.69202,0.02737999999999996
4.69249,0.02784999999999993
4.69296,0.02737999999999996
4.69343,0.02784999999999993
4.6939,0.0283199999999999
4.69438,0.02784999999999993
4.69485,0.0283199999999999
4.69532,0.02878999999999987
4.69538,0.027910000000000323
4.69585,0.028380000000000294
4.69632,0.028850000000000264
4.69668,0.029160000000000075
4.69715,0.028729999999999478
4.69762,0.02919999999999945
4.69797,0.02951999999999977
4.69845,0.02909000000000006
4.69892,0.02956000000000003
4.69927,0.02895000000000003
4.69974,0.02942
4.70022,0.029899999999999594
4.70057,0.029309999999999725
4.70104,0.029779999999999696
4.70151,0.030249999999999666
4.70187,0.029680000000000817
4.70234,0.030150000000000787
4.70281,0.030620000000000758
4.70316,0.028979999999999784
4.70364,0.029460000000000264
4.70411,0.029930000000000234
4.70446,0.029349999999999987
4.70493,0.029819999999999958
4.70541,0.03029999999999955
4.70576,0.02877999999999936
4.70623,0.029249999999999332
4.7067,0.029719999999999303
4.70706,0.029139999999999944
4.70753,0.029609999999999914
4.708,0.030079999999999885
4.70836,0.029510000000000147
4.70883,0.029980000000000118
4.7093,0.030450000000000088
4.70965,0.0289299999999999
4.71012,0.02939999999999987
4.7106,0.02988000000000035
4.81469,0.0
4.81516,0.00046999999999997044
4.81563,0.0009399999999999409
4.81599,0.0003700000000002035
4.81646,0.0008400000000001739
4.81693,0.0013100000000001444
4.81749,0.0
4.81796,0.00046999999999997044
4.81844,0.0009499999999995623
4.81879,0.0003599999999996939
4.81926,0.0008299999999996643
4.81973,0.0012999999999996348
4.82009,0.0007300000000007856
4.82056,0.001200000000000756
4.82103,0.0016700000000007265
4.82138,0.0001500000000005386
4.82186,0.0006300000000001305
4.82233,0.001100000000000101
4.82268,0.0005199999999998539
4.82315,0.0009899999999998244
4.82363,0.0014699999999994162
4.82398,0.0007699999999992713
4.82445,0.0012399999999992417
4.82492,0.0017099999999992122
4.82528,0.00020000000000042206
4.82575,0.0006700000000003925
4.82622,0.001140000000000363
4.82657,0.0005500000000004945
4.82705,0.0010300000000000864
4.82752,0.0015000000000000568
4.82789,0.0
4.82836,0.00046999999999997044
4.82883,0.0009399999999999409
5.01196,0.0
5.01244,0.00047999999999959186
5.01291,0.0009499999999995623
5.01326,0.0003599999999996939
5.01373,0.0008299999999996643
5.0142,0.0012999999999996348
5.01477,0.0
5.01524,0.00046999999999997044
5.01571,0.0009399999999999409
5.01606,0.0003600000000005821
5.01654,0.0008400000000001739
5.01701,0.0013100000000001444
5.01736,0.000720000000000276
5.01783,0.0011900000000002464
5.01831,0.0016699999999998383
5.01866,0.00015999999999927184
5.01913,0.0006299999999992423
5.0196,0.0010999999999992127
5.01996,0.0005199999999998539
5.02043,0.0009899999999998244
5.0209,0.0014599999999997948
5.02125,0.000880000000000436
5.02173,0.0013600000000000279
5.0222,0.0018299999999999983
5.02255,0.00018999999999991246
5.02302,0.0006599999999998829
5.0235,0.001140000000000363
5.02385,0.000560000000000116
5.02432,0.0010300000000000864
5.02479,0.0015000000000000568
5.02516,0.0
5.02563,0.00046999999999997044
5.02611,0.0009500000000004505
5.02646,0.0003600000000005821
5.02693,0.0008300000000005525
5.0274,0.001300000000000523
5.02776,0.0007299999999998974
5.02823,0.0011999999999998678
5.0287,0.0016699999999998383
5.02905,0.0001499999999996504
5.02953,0.0006300000000001305
5.03,0.001100000000000101
5.03035,0.0005200000000007421
5.03082,0.0009900000000007125
5.0313,0.0014700000000003044
5.03165,0.0008799999999995478
5.03212,0.0013499999999995183
5.03259,0.0018199999999994887
5.03295,0.00030999999999981043
5.03342,0.0007799999999997809
5.03389,0.0012500000000006395
5.03424,0.0005499999999996064
5.03472,0.0010300000000000864
5.03519,0.0015000000000000568
5.03554,0.0009199999999998099
5.03601,0.0013899999999997803
5.03649,0.0018699999999993722
5.03684,0.0003500000000000725
5.03731,0.0008200000000000429
5.03778,0.0012900000000000134
5.03814,0.0007100000000006546
5.03861,0.001180000000000625
5.03908,0.0016500000000005954
5.03944,0.0001499999999996504
5.03991,0.0006199999999996209
5.04038,0.0010899999999995913
5.04073,0.0004999999999997229
5.0412,0.0009699999999996933
5.04168,0.0014500000000001734
5.04203,0.0008699999999999264
5.0425,0.001340000000000785
5.04297,0.0018100000000007554
5.04333,0.000300000000000189
5.0438,0.0007700000000001594
5.04427,0.0012400000000001299
5.04463,0.0006599999999998829
5.0451,0.0011299999999998533
5.04557,0.0015999999999998238
5.04592,0.0008999999999996788
5.0464,0.0013800000000001589
5.04687,0.0018500000000001293
5.04722,0.00032999999999994145
5.04769,0.0007999999999999119
5.04816,0.0012699999999998823
5.04852,0.000700000000000145
5.04899,0.0011700000000001154
5.04946,0.0016400000000000858
5.04982,0.001060000000000727
5.05029,0.0015300000000006975
5.05076,0.002000000000000668
5.05111,0.0004900000000001015
5.05159,0.0009699999999996933
5.05206,0.0014399999999996638
5.05241,0.0008499999999997954
5.05288,0.0013199999999997658
5.05336,0.0017999999999993577
5.05371,0.000280000000000058
5.05418,0.0007500000000000284
5.05465,0.0012199999999999989
5.05501,0.0006500000000002615
5.05548,0.001120000000000232
5.05595,0.0015900000000002024
5.0563,0.001000000000000334
5.05678,0.0014799999999999258
5.05725,0.0019499999999998963
5.0576,0.00031999999999943185
5.05807,0.0007899999999994023
5.05855,0.0012699999999998823
5.0589,0.0006800000000000139
5.05937,0.0011499999999999844
5.05984,0.0016199999999999548
5.0602,0.0010500000000002174
5.06067,0.0015200000000001879
5.06114,0.0019900000000001583
5.06149,0.00046999999999997044
5.06197,0.0009499999999995623
5.06244,0.0014199999999995327
5.06279,0.0008399999999992858
5.06326,0.0013099999999992562
5.06374,0.0017899999999997362
5.06409,0.0011999999999998678
5.06456,0.0016699999999998383
5.06503,0.0021399999999998087
5.06539,0.0006300000000001305
5.06586,0.001100000000000101
5.06633,0.0015700000000000713
5.06668,0.0009899999999998244
5.06716,0.0014700000000003044
5.06763,0.0019400000000002748
5.06798,0.0013500000000004064
5.06845,0.0018200000000003769
5.06893,0.0022999999999999687
5.06928,0.0006700000000003925
5.06975,0.001140000000000363
5.07022,0.0016100000000003334
5.07058,0.0010300000000000864
5.07105,0.0015000000000000568
5.07152,0.0019700000000000273
5.07188,0.00046999999999997044
5.07235,0.0009399999999999409
5.07282,0.0014099999999999113
5.07317,0.0008200000000000429
5.07364,0.0012900000000000134
5.07412,0.0017699999999996052
5.07447,0.0011900000000002464
5.07494,0.0016600000000002169
5.07541,0.0021300000000001873
5.07577,0.000620000000000509
5.07624,0.0010900000000004795
5.07671,0.00156000000000045
5.07707,0.000980000000000203
5.07754,0.0014500000000001734
5.07801,0.0019200000000001438
5.07836,0.0013399999999998968
5.07884,0.0018199999999994887
5.07931,0.0022900000000003473
5.07966,0.0007699999999992713
5.08013,0.0012399999999992417
5.0806,0.0017099999999992122
5.08096,0.001020000000000465
5.08143,0.0014900000000004354
5.0819,0.001960000000000406
5.08226,0.0013800000000001589
5.08273,0.0018500000000001293
5.0832,0.0023200000000000998
5.08355,0.0008099999999995333
5.08403,0.0012900000000000134
5.0845,0.0017599999999999838
5.08485,0.0011700000000001154
5.08532,0.0016400000000000858
5.0858,0.0021199999999996777
5.08615,0.000600000000000378
5.08662,0.0010700000000003485
5.08709,0.001540000000000319
5.08745,0.0009699999999996933
5.08792,0.001440000000000552
5.08839,0.0019100000000005224
5.08874,0.0013199999999997658
5.08922,0.0018000000000002458
5.08969,0.0022700000000002163
5.09004,0.000760000000000538
5.09051,0.0012300000000005085
5.09099,0.0017100000000001003
5.09134,0.0011199999999993437
5.09181,0.0015899999999993142
5.09228,0.0020599999999992846
5.09264,0.0013700000000005375
5.09311,0.001840000000000508
5.09358,0.0023100000000004783
5.09393,0.0007900000000002905
5.09441,0.0012699999999998823
5.09488,0.0017399999999998528
5.09523,0.0011599999999996058
5.0957,0.0016299999999995762
5.09618,0.0021100000000000563
5.09653,0.0015199999999992997
5.097,0.0019900000000001583
5.09747,0.0024600000000001288
5.09783,0.001420000000000421
5.0983,0.0018900000000003914
5.09877,0.002360000000000362
5.09912,0.0008400000000001739
5.0996,0.0013199999999997658
5.10007,0.0017899999999997362
5.10042,0.0013199999999997658
5.10089,0.0017899999999997362
5.10137,0.0022700000000002163
5.10172,0.0008699999999999264
5.10219,0.0013399999999998968
5.10266,0.0018099999999998673
5.10302,0.0013499999999995183
5.10349,0.0018199999999994887
5.10396,0.002289999999999459
5.10432,0.000900000000000567
5.10479,0.0013700000000005375
5.10526,0.001840000000000508
5.10561,0.0013700000000005375
5.10608,0.001840000000000508
5.10656,0.0023200000000000998
5.10691,0.0009199999999998099
5.10738,0.0013899999999997803
5.10785,0.0018599999999997507
5.10821,0.0014099999999999113
5.10868,0.0018799999999998818
5.10915,0.002349999999999852
5.10951,0.0008400000000001739
5.10998,0.0013100000000001444
5.11045,0.0017800000000001148
5.1108,0.0013100000000001444
5.11128,0.0017899999999997362
5.11175,0.0022599999999997067
5.1121,0.000860000000000305
5.11257,0.0013300000000002754
5.11304,0.0018000000000002458
5.21578,0.0
5.21625,0.00046999999999997044
5.21672,0.0009399999999999409
5.21753,0.0
5.218,0.00046999999999997044
5.21848,0.0009499999999995623
5.21883,0.00024999999999941735
5.2193,0.0007199999999993878
5.21977,0.0011899999999993582
5.22033,0.0
5.22081,0.00048000000000048004
5.22128,0.0009500000000004505
5.22163,0.00048000000000048004
5.2221,0.0009500000000004505
5.22258,0.0014300000000000423
5.22293,2.9999999999752447e-05
5.2234,0.0004999999999997229
5.22387,0.0009699999999996933
5.22423,0.0005100000000002325
5.2247,0.000980000000000203
5.22517,0.0014500000000001734
5.22559,0.0
5.22606,0.00046999999999997044
5.22653,0.0009399999999999409
5.22689,0.00048000000000048004
5.22736,0.0009500000000004505
5.22783,0.001420000000000421
5.22819,2.9999999999752447e-05
5.22866,0.0004999999999997229
5.22913,0.0009699999999996933
5.22948,0.0004999999999997229
5.22996,0.000980000000000203
5.23043,0.0014500000000001734
5.41352,0.0
5.41399,0.00046999999999997044
5.41447,0.0009499999999995623
5.41482,0.00047999999999959186
5.41529,0.0009499999999995623
5.41576,0.0014199999999995327
5.41632,0.0
5.4168,0.00048000000000048004
5.41727,0.0009500000000004505
5.41762,0.00048000000000048004
5.41809,0.0009500000000004505
5.41857,0.0014300000000000423
5.41892,2.9999999999752447e-05
5.41939,0.0004999999999997229
5.41986,0.0009699999999996933
5.42022,0.0005099999999993443
5.42069,0.0009799999999993148
5.42116,0.0014500000000001734
5.42152,6.000000000039307e-05
5.42199,0.0005300000000003635
5.42246,0.001000000000000334
5.42281,0.00041000000000046555
5.42328,0.000880000000000436
5.42376,0.0013600000000000279
5.42415,0.0
5.42462,0.00046999999999997044
5.42509,0.0009399999999999409
5.42545,0.00047999999999959186
5.42592,0.0009499999999995623
5.42639,0.0014199999999995327
5.42675,2.9999999999752447e-05
5.42722,0.0004999999999997229
5.42769,0.0009699999999996933
5.42804,0.0005000000000006111
5.42852,0.000980000000000203
5.42899,0.0014500000000001734
5.42934,4.999999999988347e-05
5.42981,0.0005199999999998539
5.43028,0.0009899999999998244
5.43064,0.0005300000000003635
5.43111,0.001000000000000334
5.43158,0.0014700000000003044
5.43194,7.999999999963592e-05
5.43241,0.0005499999999996064
5.43288,0.0010199999999995768
5.43323,0.000440000000000218
5.43371,0.0009199999999998099
5.43418,0.0013899999999997803
5.43455,0.0
5.43502,0.00046999999999997044
5.43549,0.0009399999999999409
5.43584,0.00047999999999959186
5.43632,0.0009600000000000719
5.43679,0.0014300000000000423
5.43714,2.0000000000131024e-05
5.43761,0.0004900000000001015
5.43808,0.0009600000000000719
5.43844,0.0005100000000002325
5.43891,0.000980000000000203
5.43938,0.0014500000000001734
5.43974,5.9999999999504894e-05
5.44021,0.0005300000000003635
5.44068,0.001000000000000334
5.44103,0.0005299999999994753
5.44151,0.0010099999999999554
5.44198,0.0014799999999999258
5.44233,8.00000000005241e-05
5.4428,0.0005500000000004945
5.44328,0.0010300000000000864
5.44363,0.000560000000000116
5.4441,0.0010300000000000864
5.44457,0.0015000000000000568
5.44494,0.0
5.44541,0.00046999999999997044
5.44588,0.0009399999999999409
5.44624,0.00048000000000048004
5.44671,0.0009500000000004505
5.44718,0.001420000000000421
5.44754,2.9999999999752447e-05
5.44801,0.0004999999999997229
5.44848,0.0009699999999996933
5.44883,0.0004999999999997229
5.44931,0.0009799999999993148
5.44978,0.0014499999999992852
5.45013,4.999999999988347e-05
5.4506,0.0005199999999998539
5.45108,0.001000000000000334
5.45143,0.0005300000000003635
5.4519,0.001000000000000334
5.45237,0.0014700000000003044
5.45273,7.999999999963592e-05
5.4532,0.0005499999999996064
5.45367,0.0010199999999995768
5.45402,0.0005499999999996064
5.4545,0.0010300000000000864
5.45497,0.0015000000000000568
5.45532,0.00010000000000065512
5.45579,0.0005700000000006256
5.45627,0.0010500000000002174
5.45662,0.00046999999999997044
5.45709,0.0009399999999999409
5.45756,0.0014099999999999113
5.45792,9.999999999621423e-06
5.45839,0.00047999999999959186
5.45886,0.0009499999999995623
5.45921,0.0004900000000001015
5.45969,0.0009700000000005815
5.46016,0.001440000000000552
5.46051,3.0000000000640625e-05
5.46098,0.0005000000000006111
5.46146,0.000980000000000203
5.46181,0.0005199999999998539
5.46228,0.0009899999999998244
5.46275,0.0014599999999997948
5.46311,7.00000000000145e-05
5.46358,0.0005399999999999849
5.46405,0.0010099999999999554
5.4644,0.0005399999999999849
5.46488,0.0010199999999995768
5.46535,0.0014899999999995472
5.4657,9.000000000014552e-05
5.46617,0.000560000000000116
5.46665,0.0010399999999997078
5.467,0.0005699999999997374
5.46747,0.0010399999999997078
5.46794,0.0015099999999996783
5.4683,0.0
5.46877,0.00046999999999997044
5.46924,0.0009399999999999409
5.4696,0.00047999999999959186
5.47007,0.0009499999999995623
5.47054,0.0014199999999995327
5.4709,3.0000000000640625e-05
5.47137,0.0005000000000006111
5.47184,0.0009700000000005815
5.47219,0.0005000000000006111
5.47267,0.000980000000000203
5.47314,0.0014500000000001734
5.47349,4.999999999988347e-05
5.47396,0.0005199999999998539
5.47444,0.001000000000000334
5.47479,0.0005299999999994753
5.47526,0.0009999999999994458
5.47573,0.0014700000000003044
5.47609,8.00000000005241e-05
5.47656,0.0005500000000004945
5.47703,0.001020000000000465
5.47738,0.0005500000000004945
5.47786,0.0010300000000000864
5.47833,0.0015000000000000568
5.47868,9.999999999976694e-05
5.47915,0.0005699999999997374
5.47963,0.0010500000000002174
5.47998,0.000580000000000247
5.48045,0.0010500000000002174
5.48092,0.0015200000000001879
5.48128,9.999999999621423e-06
5.48175,0.00047999999999959186
5.48222,0.0009499999999995623
5.48257,0.0004900000000001015
5.48305,0.0009700000000005815
5.48352,0.001440000000000552
5.48387,2.9999999999752447e-05
5.48434,0.0005000000000006111
5.48482,0.000980000000000203
5.48517,0.0005199999999998539
5.48564,0.0009899999999998244
5.48611,0.0014599999999997948
5.48647,7.00000000000145e-05
5.48694,0.0005399999999999849
5.48741,0.0010099999999999554
5.48776,0.0005399999999999849
5.48824,0.001020000000000465
5.48871,0.0014900000000004354
5.48906,9.000000000014552e-05
5.48953,0.000560000000000116
5.49001,0.0010399999999997078
5.49036,0.0005699999999997374
5.49083,0.0010399999999997078
5.4913,0.0015099999999996783
5.49166,0.0
5.49213,0.00046999999999997044
5.4926,0.0009399999999999409
5.49296,0.00048000000000048004
5.49343,0.0009500000000004505
5.4939,0.001420000000000421
5.49426,2.9999999999752447e-05
5.49473,0.0004999999999997229
5.4952,0.0009699999999996933
5.49555,0.0004999999999997229
5.49603,0.000980000000000203
5.4965,0.0014500000000001734
5.49685,4.999999999988347e-05
5.49732,0.0005199999999998539
5.4978,0.0009999999999994458
5.49815,0.0005299999999994753
5.49862,0.0009999999999994458
5.49909,0.0014699999999994162
5.49945,8.00000000005241e-05
5.49992,0.0005500000000004945
5.50039,0.001020000000000465
5.50074,0.0005500000000004945
5.50122,0.0010300000000000864
5.50169,0.0015000000000000568
5.50204,9.999999999976694e-05
5.50251,0.0005699999999997374
5.50299,0.0010499999999993292
5.50334,0.0005799999999993588
5.50381,0.0010499999999993292
5.50428,0.0015199999999992997
5.50464,1.0000000000509601e-05
5.50511,0.00048000000000048004
5.50558,0.0009500000000004505
5.50593,0.0004900000000001015
5.50641,0.0009699999999996933
5.50688,0.0014399999999996638
5.50723,2.9999999999752447e-05
5.5077,0.0004999999999997229
5.50818,0.000980000000000203
5.50853,0.0005200000000007421
5.509,0.0009900000000007125
5.50947,0.001460000000000683
5.50983,7.00000000000145e-05
5.5103,0.0005399999999999849
5.51077,0.0010099999999999554
5.51112,0.0005399999999999849
5.5116,0.0010199999999995768
5.51207,0.0014899999999995472
5.51242,8.999999999925734e-05
5.51289,0.0005599999999992278
5.51337,0.0010399999999997078
5.51372,0.0005699999999997374
5.51419,0.0010399999999997078
5.51466,0.0015099999999996783
5.61734,0.0
5.61781,0.00046999999999997044
5.61828,0.0009399999999999409
5.61864,2.0000000000131024e-05
5.61911,0.0004900000000001015
5.61958,0.0009600000000000719
5.62037,0.0
5.62085,0.00047999999999959186
5.62132,0.0009499999999995623
5.62167,0.00023999999999979593
5.62214,0.0007099999999997664
5.62262,0.0011900000000002464
5.62318,0.0
5.62365,0.00046999999999997044
5.62412,0.0009399999999999409
5.62448,0.00048000000000048004
5.62495,0.0009500000000004505
5.62542,0.001420000000000421
5.62577,2.0000000000131024e-05
5.62624,0.0004900000000001015
5.62672,0.0009699999999996933
5.62707,0.00038999999999944635
5.62754,0.0008599999999994168
5.62801,0.0013299999999993872
5.62843,0.0
5.62891,0.00048000000000048004
5.62938,0.0009500000000004505
5.62973,0.00048000000000048004
5.6302,0.0009500000000004505
5.63068,0.0014300000000000423
5.63103,2.9999999999752447e-05
5.6315,0.0004999999999997229
5.63197,0.0009699999999996933
5.81461,0.0
5.81508,0.00046999999999997044
5.81556,0.0009499999999995623
5.81636,0.0
5.81684,0.00047999999999959186
5.81731,0.0009499999999995623
5.81766,0.00023999999999979593
5.81813,0.0007099999999997664
5.81861,0.0011899999999993582
5.81917,0.0
5.81964,0.00046999999999997044
5.82011,0.0009399999999999409
5.82047,0.00048000000000048004
5.82094,0.0009500000000004505
5.82141,0.001420000000000421
5.82176,2.0000000000131024e-05
5.82224,0.0004999999999997229
5.82271,0.0009699999999996933
5.82306,0.0004999999999997229
5.82353,0.0009699999999996933
5.824,0.0014399999999996638
5.82442,0.0
5.8249,0.00048000000000048004
5.82537,0.0009500000000004505
5.82572,0.00047999999999959186
5.82619,0.0009500000000004505
5.82667,0.0014300000000000423
5.82702,2.9999999999752447e-05
5.82749,0.0004999999999997229
5.82796,0.0009699999999996933
5.82832,0.0005099999999993443
5.82879,0.0009799999999993148
5.82926,0.0014499999999992852
5.82961,4.999999999988347e-05
5.83009,0.0005300000000003635
5.83056,0.001000000000000334
5.83091,0.0005300000000003635
5.83138,0.001000000000000334
5.83186,0.0014799999999999258
5.83225,0.0
5.83272,0.00046999999999997044
5.83319,0.0009399999999999409
5.83355,0.00047999999999959186
5.83402,0.0009499999999995623
5.83449,0.0014199999999995327
5.83484,2.0000000000131024e-05
5.83532,0.0005000000000006111
5.83579,0.0009700000000005815
5.83614,0.0005000000000006111
5.83661,0.0009700000000005815
5.83709,0.0014500000000001734
5.83744,4.999999999988347e-05
5.83791,0.0005199999999998539
5.83838,0.0009899999999998244
5.83874,0.0005299999999994753
5.83921,0.0009999999999994458
5.83968,0.0014700000000003044
5.84004,8.00000000005241e-05
5.84051,0.0005500000000004945
5.84098,0.001020000000000465
5.84133,0.0005500000000004945
5.8418,0.001020000000000465
5.84228,0.0015000000000000568
5.84264,0.0
5.84312,0.00047999999999959186
5.84359,0.0009499999999995623
5.84394,0.00047999999999959186
5.84441,0.0009499999999995623
5.84489,0.0014300000000000423
5.84524,3.0000000000640625e-05
5.84571,0.0005000000000006111
5.84618,0.0009700000000005815
5.84654,0.0005100000000002325
5.84701,0.000980000000000203
5.84748,0.0014500000000001734
5.84784,5.9999999999504894e-05
5.84831,0.0005299999999994753
5.84878,0.0009999999999994458
5.84913,0.0005299999999994753
5.8496,0.0009999999999994458
5.85008,0.0014799999999999258
5.85043,8.00000000005241e-05
5.8509,0.0005500000000004945
5.85137,0.001020000000000465
5.85173,0.000560000000000116
5.8522,0.0010300000000000864
5.85267,0.0015000000000000568
5.85304,0.0
5.85351,0.00046999999999997044
5.85398,0.0009399999999999409
5.85434,0.00047999999999959186
5.85481,0.0009499999999995623
5.85528,0.0014199999999995327
5.85564,2.9999999999752447e-05
5.85611,0.0004999999999997229
5.85658,0.0009699999999996933
5.85693,0.0005000000000006111
5.8574,0.0009700000000005815
5.85788,0.0014500000000001734
5.85823,4.999999999988347e-05
5.8587,0.0005199999999998539
5.85917,0.0009899999999998244
5.85953,0.0005300000000003635
5.86,0.001000000000000334
5.86047,0.0014700000000003044
5.86083,7.999999999963592e-05
5.8613,0.0005499999999996064
5.86177,0.0010199999999995768
5.86212,0.0005499999999996064
5.8626,0.0010299999999991982
5.86307,0.0014999999999991687
5.86342,9.999999999976694e-05
5.86389,0.0005699999999997374
5.86436,0.0010399999999997078
5.86472,0.00046999999999997044
5.86519,0.0009399999999999409
5.86566,0.0014099999999999113
5.86602,2.0000000000131024e-05
5.86649,0.0004900000000001015
5.86696,0.0009600000000000719
5.86731,0.0004900000000001015
5.86779,0.0009700000000005815
5.86826,0.001440000000000552
5.86861,4.000000000026205e-05
5.86908,0.0005100000000002325
5.86956,0.0009899999999998244
5.86991,0.0005199999999998539
5.87038,0.0009899999999998244
5.87085,0.0014599999999997948
5.87121,7.00000000000145e-05
5.87168,0.0005399999999999849
5.87215,0.0010100000000008436
5.8725,0.0005399999999999849
5.87298,0.001020000000000465
5.87345,0.0014900000000004354
5.8738,9.000000000014552e-05
5.87427,0.000560000000000116
5.87475,0.0010399999999997078
5.8751,0.0005699999999997374
5.87557,0.0010399999999997078
5.87604,0.0015099999999996783
5.8764,0.0
5.87687,0.00046999999999997044
5.87734,0.0009399999999999409
5.8777,0.00047999999999959186
5.87817,0.0009499999999995623
5.87864,0.0014199999999995327
5.879,2.9999999999752447e-05
5.87947,0.0005000000000006111
5.87994,0.0009700000000005815
5.88029,0.0004999999999997229
5.88076,0.0009700000000005815
5.88124,0.0014500000000001734
5.88159,4.999999999988347e-05
5.88206,0.0005199999999998539
5.88253,0.0009899999999998244
5.88289,0.0005299999999994753
5.88336,0.0009999999999994458
5.88383,0.0014699999999994162
5.88419,8.00000000005241e-05
5.88466,0.0005500000000004945
5.88513,0.001020000000000465
5.88548,0.0005500000000004945
5.88596,0.0010300000000000864
5.88643,0.0015000000000000568
5.88678,9.999999999976694e-05
5.88725,0.0005699999999997374
5.88772,0.0010399999999997078
5.88808,0.0004700000000008586
5.88855,0.0009400000000008291
5.88902,0.0014100000000007995
5.88938,2.0000000000131024e-05
5.88985,0.0004900000000001015
5.89032,0.0009600000000000719
5.89067,0.0004900000000001015
5.89115,0.0009699999999996933
5.89162,0.0014399999999996638
5.89197,3.999999999937387e-05
5.89244,0.0005099999999993443
5.89292,0.0009899999999998244
5.89327,0.0005199999999998539
5.89374,0.0009899999999998244
5.89421,0.0014599999999997948
5.89457,7.00000000000145e-05
5.89504,0.0005399999999999849
5.89551,0.0010099999999999554
5.89586,0.0005399999999999849
5.89634,0.001020000000000465
5.89681,0.0014900000000004354
5.89716,9.000000000014552e-05
5.89763,0.000560000000000116
5.89811,0.0010399999999997078
5.89846,0.0005699999999997374
5.89893,0.0010399999999997078
5.8994,0.0015099999999996783
5.89976,0.0
5.90023,0.00046999999999997044
5.9007,0.0009399999999999409
5.90106,0.00048000000000048004
5.90153,0.0009500000000004505
5.902,0.001420000000000421
5.90236,2.9999999999752447e-05
5.90283,0.0004999999999997229
5.9033,0.0009699999999996933
5.90365,0.0004999999999997229
5.90412,0.0009699999999996933
5.9046,0.0014500000000001734
5.90495,5.000000000077165e-05
5.90542,0.0005200000000007421
5.90589,0.0009900000000007125
5.90625,0.0005300000000003635
5.90672,0.001000000000000334
5.90719,0.0014700000000003044
5.90755,7.999999999963592e-05
5.90802,0.0005499999999996064
5.90849,0.0010199999999995768
5.90884,0.0005499999999996064
5.90932,0.0010300000000000864
5.90979,0.0015000000000000568
5.91014,9.999999999976694e-05
5.91061,0.0005699999999997374
5.91108,0.0010399999999997078
5.91144,0.00046999999999997044
5.91191,0.0009399999999999409
5.91238,0.0014099999999999113
5.91274,2.0000000000131024e-05
5.91321,0.0004900000000001015
5.91368,0.0009600000000000719
5.91403,0.0004900000000001015
5.91451,0.0009699999999996933
5.91498,0.0014399999999996638
5.91533,4.000000000026205e-05
5.9158,0.0005100000000002325
5.91628,0.0009900000000007125
6.01843,0.0
6.0189,0.00046999999999997044
6.01937,0.0009399999999999409
6.02018,0.0
6.02065,0.00046999999999997044
6.02112,0.0009399999999999409
6.02148,1.0000000000509601e-05
6.02195,0.00048000000000048004
6.02242,0.0009500000000004505
6.02322,0.0
6.02369,0.00046999999999997044
6.02416,0.0009399999999999409
6.02452,0.00025000000000030553
6.02499,0.000720000000000276
6.02546,0.0011900000000002464
6.02602,0.0
6.02649,0.00046999999999997044
6.02696,0.0009399999999999409
6.02732,0.00047999999999959186
6.02779,0.0009500000000004505
6.02826,0.001420000000000421
6.02862,2.9999999999752447e-05
6.02909,0.0004999999999997229
6.02956,0.0009699999999996933
6.02991,0.0003900000000003345
6.03039,0.0008699999999999264
6.03086,0.0013399999999998968
6.03128,0.0
6.03175,0.00046999999999997044
6.03222,0.0009399999999999409
6.03257,0.00047999999999959186
6.03305,0.0009600000000000719
6.03352,0.0014300000000000423
6.21617,0.0
6.21664,0.00046999999999997044
6.21712,0.0009500000000004505
6.21747,9.999999999621423e-06
6.21794,0.00047999999999959186
6.21841,0.0009500000000004505
6.21921,0.0
6.21968,0.00046999999999997044
6.22015,0.0009399999999999409
6.22051,0.00025000000000030553
6.22098,0.000720000000000276
6.22145,0.0011900000000002464
6.22201,0.0
6.22248,0.00046999999999997044
6.22296,0.0009499999999995623
6.22331,0.00047999999999959186
6.22378,0.0009499999999995623
6.22425,0.0014199999999995327
6.22461,3.0000000000640625e-05
6.22508,0.0005000000000006111
6.22555,0.0009700000000005815
6.2259,0.0003799999999998249
6.22638,0.0008599999999994168
6.22685,0.0013299999999993872
6.22727,0.0
6.22774,0.00046999999999997044
6.22821,0.0009399999999999409
6.22856,0.00047999999999959186
6.22904,0.0009600000000000719
6.22951,0.0014300000000000423
6.22986,2.0000000000131024e-05
6.23033,0.0004900000000001015
6.23081,0.0009699999999996933
6.23116,0.0005100000000002325
6.23163,0.000980000000000203
6.2321,0.0014500000000001734
6.23252,0.0
6.233,0.00047999999999959186
6.23347,0.0009499999999995623
6.23382,0.00047999999999959186
6.23429,0.0009499999999995623
6.23476,0.0014199999999995327
6.23512,3.0000000000640625e-05
6.23559,0.0005000000000006111
6.23606,0.0009700000000005815
6.23642,0.0005100000000002325
6.23689,0.000980000000000203
6.23736,0.0014500000000001734
6.23771,4.999999999988347e-05
6.23819,0.0005300000000003635
6.23866,0.001000000000000334
6.23901,0.0005300000000003635
6.23948,0.001000000000000334
6.23996,0.0014799999999999258
6.24035,0.0
6.24082,0.00046999999999997044
6.24129,0.0009399999999999409
6.24165,0.00047999999999959186
6.24212,0.0009499999999995623
6.24259,0.0014199999999995327
6.24294,2.0000000000131024e-05
6.24342,0.0005000000000006111
6.24389,0.0009700000000005815
6.24424,0.0004999999999997229
6.24471,0.0009700000000005815
6.24519,0.0014500000000001734
6.24554,4.999999999988347e-05
6.24601,0.0005199999999998539
6.24648,0.0009899999999998244
6.24684,0.0005299999999994753
6.24731,0.0009999999999994458
6.24778,0.0014699999999994162
6.24813,7.00000000000145e-05
6.24861,0.0005500000000004945
6.24908,0.001020000000000465
6.24943,0.0005500000000004945
6.2499,0.001020000000000465
6.25038,0.0015000000000000568
6.25074,0.0
6.25122,0.00047999999999959186
6.25169,0.0009499999999995623
6.25204,0.00048000000000048004
6.25251,0.0009500000000004505
6.25299,0.0014300000000000423
6.25334,2.9999999999752447e-05
6.25381,0.0004999999999997229
6.25428,0.0009699999999996933
6.25464,0.0005100000000002325
6.25511,0.000980000000000203
6.25558,0.0014500000000001734
6.25593,4.999999999988347e-05
6.25641,0.0005299999999994753
6.25688,0.0009999999999994458
6.25723,0.0005299999999994753
6.2577,0.0009999999999994458
6.25818,0.0014799999999999258
6.25853,8.00000000005241e-05
6.259,0.0005500000000004945
6.25947,0.001020000000000465
6.25983,0.000560000000000116
6.2603,0.0010300000000000864
6.26077,0.0015000000000000568
6.26114,0.0
6.26161,0.00046999999999997044
6.26208,0.0009399999999999409
6.26244,0.00047999999999959186
6.26291,0.0009499999999995623
6.26338,0.0014199999999995327
6.26373,2.0000000000131024e-05
6.26421,0.0005000000000006111
6.26468,0.0009700000000005815
6.26503,0.0005000000000006111
6.2655,0.0009700000000005815
6.26598,0.0014500000000001734
6.26633,4.999999999988347e-05
6.2668,0.0005199999999998539
6.26727,0.0009899999999998244
6.26763,0.0005299999999994753
6.2681,0.0009999999999994458
6.26857,0.0014700000000003044
6.26892,7.00000000000145e-05
6.2694,0.0005500000000004945
6.26987,0.001020000000000465
6.27022,0.0005500000000004945
6.27069,0.001020000000000465
6.27117,0.0015000000000000568
6.27152,9.999999999976694e-05
6.27199,0.0005699999999997374
6.27246,0.0010399999999997078
6.27282,0.00046999999999997044
6.27329,0.0009399999999999409
6.27376,0.0014099999999999113
6.27412,2.0000000000131024e-05
6.27459,0.0004900000000001015
6.27506,0.0009600000000000719
6.27541,0.0004900000000001015
6.27588,0.0009600000000000719
6.27636,0.001440000000000552
6.27671,3.999999999937387e-05
6.27718,0.0005100000000002325
6.27765,0.000980000000000203
6.27801,0.0005199999999998539
6.27848,0.0009899999999998244
6.27895,0.0014599999999997948
6.27931,7.00000000000145e-05
6.27978,0.0005399999999999849
6.28025,0.0010099999999999554
6.2806,0.0005399999999999849
6.28108,0.001020000000000465
6.28155,0.0014900000000004354
6.2819,9.000000000014552e-05
6.28237,0.000560000000000116
6.28284,0.0010300000000000864
6.2832,0.0005699999999997374
6.28367,0.0010399999999997078
6.28414,0.0015099999999996783
6.2845,0.0
6.28497,0.00046999999999997044
6.28544,0.0009399999999999409
6.2858,0.00048000000000048004
6.28627,0.0009500000000004505
6.28674,0.001420000000000421
6.28709,2.0000000000131024e-05
6.28757,0.0004999999999997229
6.28804,0.0009699999999996933
6.28839,0.0004999999999997229
6.28886,0.0009699999999996933
6.28934,0.0014500000000001734
6.28969,4.999999999988347e-05
6.29016,0.0005199999999998539
6.29063,0.0009899999999998244
6.29099,0.0005299999999994753
6.29146,0.0009999999999994458
6.29193,0.0014699999999994162
6.29228,7.00000000000145e-05
6.29276,0.0005500000000004945
6.29323,0.001020000000000465
6.29358,0.0005500000000004945
6.29405,0.001020000000000465
6.29453,0.0015000000000000568
6.29488,9.999999999976694e-05
6.29535,0.0005699999999997374
6.29582,0.0010399999999997078
6.29618,0.00046999999999997044
6.29665,0.0009399999999999409
6.29712,0.0014099999999999113
6.29748,2.0000000000131024e-05
6.29795,0.0004900000000001015
6.29842,0.0009600000000000719
6.29877,0.0004900000000001015
6.29924,0.0009600000000000719
6.29972,0.0014399999999996638
6.30007,4.000000000026205e-05
6.30054,0.0005100000000002325
6.30101,0.000980000000000203
6.30137,0.0005200000000007421
6.30184,0.0009900000000007125
6.30231,0.001460000000000683
6.30267,7.00000000000145e-05
6.30314,0.0005399999999999849
6.30361,0.0010099999999999554
6.30396,0.0005399999999999849
6.30444,0.0010199999999995768
6.30491,0.0014899999999995472
6.30526,8.999999999925734e-05
6.30573,0.0005599999999992278
6.3062,0.0010299999999991982
6.30656,0.0005699999999997374
6.30703,0.0010399999999997078
6.3075,0.0015099999999996783
6.30786,0.0
6.30833,0.00046999999999997044
6.3088,0.0009399999999999409
6.30916,0.00048000000000048004
6.30963,0.0009500000000004505
6.3101,0.001420000000000421
6.31045,2.0000000000131024e-05
6.31093,0.0004999999999997229
6.3114,0.0009699999999996933
6.31175,0.0004999999999997229
6.31222,0.0009699999999996933
6.3127,0.0014500000000001734
6.31305,4.999999999988347e-05
6.31352,0.0005199999999998539
6.31399,0.0009900000000007125
6.31435,0.0005300000000003635
6.31482,0.001000000000000334
6.31529,0.0014700000000003044
6.31564,7.00000000000145e-05
6.31612,0.0005499999999996064
6.31659,0.0010199999999995768
6.31694,0.0005499999999996064
6.31741,0.0010199999999995768
6.31789,0.0015000000000000568
6.41999,0.0
6.42046,0.00046999999999997044
6.42093,0.0009399999999999409
6.42128,1.0000000000509601e-05
6.42176,0.0004900000000001015
6.42223,0.0009600000000000719
6.42302,0.0
6.4235,0.00047999999999959186
6.42397,0.0009499999999995623
6.42432,9.999999999621423e-06
6.42479,0.00047999999999959186
6.42527,0.0009600000000000719
6.42606,0.0
6.42653,0.00046999999999997044
6.427,0.0009399999999999409
6.42736,0.00025000000000030553
6.42783,0.000720000000000276
6.4283,0.0011900000000002464
6.42886,0.0
6.42934,0.00047999999999959186
6.42981,0.0009499999999995623
6.43016,0.00047999999999959186
6.43063,0.0009499999999995623
6.43111,0.0014300000000000423
6.43146,3.0000000000640625e-05
6.43193,0.0005000000000006111
6.4324,0.0009700000000005815
6.43276,0.0003900000000003345
6.43323,0.000860000000000305
6.4337,0.0013300000000002754
6.43412,0.0
6.43459,0.00046999999999997044
6.43506,0.0009399999999999409
6.61726,0.0
6.61773,0.00046999999999997044
6.61821,0.0009500000000004505
6.61901,0.0
6.61949,0.00047999999999959186
6.61996,0.0009499999999995623
6.62031,9.999999999621423e-06
6.62078,0.00047999999999959186
6.62126,0.0009600000000000719
6.62205,0.0
6.62252,0.00046999999999997044
6.623,0.0009500000000004505
6.62335,0.00025000000000030553
6.62382,0.000720000000000276
6.62429,0.0011900000000002464
6.62485,0.0
6.62533,0.00047999999999959186
6.6258,0.0009499999999995623
6.62615,0.00047999999999959186
6.62662,0.0009499999999995623
6.6271,0.0014300000000000423
6.62745,2.9999999999752447e-05
6.62792,0.0004999999999997229
6.62839,0.0009699999999996933
6.62875,0.0003900000000003345
6.62922,0.000860000000000305
6.62969,0.0013300000000002754
6.63011,0.0
6.63058,0.00046999999999997044
6.63105,0.0009399999999999409
6.63141,0.00047999999999959186
6.63188,0.0009499999999995623
6.63235,0.0014199999999995327
6.63271,3.0000000000640625e-05
6.63318,0.0005000000000006111
6.63365,0.0009700000000005815
6.634,0.0003900000000003345
6.63448,0.0008699999999999264
6.63495,0.0013399999999998968
6.63537,0.0
6.63584,0.00046999999999997044
6.63631,0.0009399999999999409
6.63666,0.00047999999999959186
6.63714,0.0009599999999991837
6.63761,0.0014299999999991542
6.63796,1.9999999999242846e-05
6.63843,0.0004899999999992133
6.63891,0.0009699999999996933
6.63926,0.0005100000000002325
6.63973,0.000980000000000203
6.6402,0.0014500000000001734
6.64062,0.0
6.64109,0.00046999999999997044
6.64157,0.0009499999999995623
6.64192,0.00047999999999959186
6.64239,0.0009499999999995623
6.64286,0.0014199999999995327
6.64322,3.0000000000640625e-05
6.64369,0.0005000000000006111
6.64416,0.0009700000000005815
6.64452,0.0005100000000002325
6.64499,0.000980000000000203
6.64546,0.0014500000000001734
6.64581,4.999999999988347e-05
6.64628,0.0005199999999998539
6.64676,0.0009999999999994458
6.64711,0.0005299999999994753
6.64758,0.0009999999999994458
6.64805,0.0014699999999994162
6.64845,0.0
6.64892,0.00046999999999997044
6.64939,0.0009399999999999409
6.64975,0.00048000000000048004
6.65022,0.0009500000000004505
6.65069,0.001420000000000421
6.65104,2.0000000000131024e-05
6.65152,0.0004999999999997229
6.65199,0.0009699999999996933
6.65234,0.0004999999999997229
6.65281,0.0009699999999996933
6.65328,0.0014399999999996638
6.65364,4.999999999988347e-05
6.65411,0.0005199999999998539
6.65458,0.0009899999999998244
6.65494,0.0005399999999999849
6.65541,0.0010099999999999554
6.65588,0.0014799999999999258
6.65623,7.00000000000145e-05
6.65671,0.0005500000000004945
6.65718,0.001020000000000465
6.65753,0.000560000000000116
6.658,0.0010300000000000864
6.65848,0.0015099999999996783
6.65884,0.0
6.65932,0.00048000000000048004
6.65979,0.0009500000000004505
6.66014,0.00048000000000048004
6.66061,0.0009500000000004505
6.66108,0.001420000000000421
6.66144,2.9999999999752447e-05
6.66191,0.0004999999999997229
6.66238,0.0009699999999996933
6.66274,0.0005100000000002325
6.66321,0.000980000000000203
6.66368,0.0014500000000001734
6.66403,5.000000000077165e-05
6.66451,0.0005300000000003635
6.66498,0.001000000000000334
6.66533,0.0005300000000003635
6.6658,0.001000000000000334
6.66628,0.001480000000000814
6.66663,7.999999999963592e-05
6.6671,0.0005499999999996064
6.66757,0.001020000000000465
6.66793,0.000560000000000116
6.6684,0.0010300000000000864
6.66887,0.0015000000000000568
6.66924,0.0
6.66971,0.00046999999999997044
6.67018,0.0009399999999999409
6.67054,0.00047999999999959186
6.67101,0.0009499999999995623
6.67148,0.0014199999999995327
6.67183,2.0000000000131024e-05
6.67231,0.0005000000000006111
6.67278,0.0009700000000005815
6.67313,0.0004999999999997229
6.6736,0.0009700000000005815
6.67408,0.0014500000000001734
6.67443,4.999999999988347e-05
6.6749,0.0005199999999998539
6.67537,0.0009899999999998244
6.67573,0.0005299999999994753
6.6762,0.0009999999999994458
6.67667,0.0014699999999994162
6.67702,7.00000000000145e-05
6.6775,0.0005500000000004945
6.67797,0.001020000000000465
6.67832,0.000560000000000116
6.67879,0.0010300000000000864
6.67927,0.0015099999999996783
6.67962,9.999999999976694e-05
6.68009,0.0005699999999997374
6.68056,0.0010399999999997078
6.68092,0.00046999999999997044
6.68139,0.0009399999999999409
6.68186,0.0014099999999999113
6.68221,1.0000000000509601e-05
6.68269,0.0004900000000001015
6.68316,0.0009600000000000719
6.68351,0.0004900000000001015
6.68398,0.0009600000000000719
6.68446,0.0014399999999996638
6.68481,3.999999999937387e-05
6.68528,0.0005099999999993443
6.68575,0.0009799999999993148
6.68611,0.0005199999999998539
6.68658,0.0009899999999998244
6.68705,0.0014599999999997948
6.6874,6.000000000039307e-05
6.68788,0.0005399999999999849
6.68835,0.0010099999999999554
6.6887,0.0005399999999999849
6.68917,0.0010099999999999554
6.68965,0.0014900000000004354
6.69,9.000000000014552e-05
6.69047,0.000560000000000116
6.69094,0.0010300000000000864
6.6913,0.0005699999999997374
6.69177,0.0010399999999997078
6.69224,0.0015099999999996783
6.6926,0.0
6.69307,0.00046999999999997044
6.69354,0.0009399999999999409
6.6939,0.00048000000000048004
6.69437,0.0009500000000004505
6.69484,0.001420000000000421
6.69519,2.0000000000131024e-05
6.69567,0.0004999999999997229
6.69614,0.0009699999999996933
6.69649,0.0004999999999997229
6.69696,0.0009699999999996933
6.69744,0.0014500000000001734
6.69779,5.000000000077165e-05
6.69826,0.0005200000000007421
6.69873,0.0009900000000007125
6.69909,0.0005300000000003635
6.69956,0.001000000000000334
6.70003,0.0014700000000003044
6.70038,7.00000000000145e-05
6.70086,0.0005499999999996064
6.70133,0.0010199999999995768
6.70168,0.0005599999999992278
6.70215,0.0010299999999991982
6.70263,0.0015099999999996783
6.70298,9.999999999976694e-05
6.70345,0.0005699999999997374
6.70392,0.0010399999999997078
6.70428,0.00046999999999997044
6.70475,0.0009399999999999409
6.70522,0.0014099999999999113
6.70557,9.999999999621423e-06
6.70605,0.0004900000000001015
6.70652,0.0009600000000000719
6.70687,0.0004900000000001015
6.70734,0.0009600000000000719
6.70782,0.0014399999999996638
6.70817,4.000000000026205e-05
6.70864,0.0005100000000002325
6.70911,0.000980000000000203
6.70947,0.0005199999999998539
6.70994,0.0009899999999998244
6.71041,0.001460000000000683
6.71076,5.9999999999504894e-05
6.71124,0.0005399999999999849
6.71171,0.0010099999999999554
6.71206,0.0005399999999999849
6.71253,0.0010099999999999554
6.71301,0.0014899999999995472
6.71336,9.000000000014552e-05
6.71383,0.000560000000000116
6.7143,0.0010300000000000864
6.71466,0.0005700000000006256
6.71513,0.001040000000000596
6.7156,0.0015100000000005664
6.71596,0.0
6.71643,0.00046999999999997044
6.7169,0.0009399999999999409
6.71726,0.00047999999999959186
6.71773,0.0009500000000004505
6.7182,0.001420000000000421
6.71855,1.9999999999242846e-05
6.71903,0.0004999999999997229
6.7195,0.0009699999999996933
6.82108,0.0
6.82155,0.00046999999999997044
6.82202,0.0009399999999999409
6.82283,0.0
6.8233,0.00046999999999997044
6.82377,0.0009399999999999409
6.82413,1.0000000000509601e-05
6.8246,0.00048000000000048004
6.82507,0.0009500000000004505
6.82587,0.0
6.82634,0.00046999999999997044
6.82681,0.0009399999999999409
6.82716,1.0000000000509601e-05
6.82764,0.0004900000000001015
6.82811,0.0009600000000000719
6.8289,0.0
6.82938,0.00047999999999959186
6.82985,0.0009500000000004505
6.8302,0.00023999999999979593
6.83067,0.0007099999999997664
6.83115,0.0011900000000002464
6.83171,0.0
6.83218,0.00046999999999997044
6.83265,0.0009399999999999409
6.833,0.00048000000000048004
6.83348,0.0009600000000000719
6.83395,0.0014300000000000423
6.8343,2.0000000000131024e-05
6.83477,0.0004900000000001015
6.83525,0.0009700000000005815
6.8356,0.0003900000000003345
6.83607,0.000860000000000305
6.83654,0.0013300000000002754
7.01882,0.0
7.01929,0.00046999999999997044
7.01976,0.0009399999999999409
7.02012,1.0000000000509601e-05
7.02059,0.00048000000000048004
7.02106,0.0009500000000004505
7.02186,0.0
7.02233,0.00046999999999997044
7.0228,0.0009399999999999409
7.02316,2.0000000000131024e-05
7.02363,0.0004900000000001015
7.0241,0.0009600000000000719
7.02489,0.0
7.02537,0.00047999999999959186
7.02584,0.0009499999999995623
7.02619,0.00023999999999979593
7.02666,0.0007099999999997664
7.02714,0.0011900000000002464
7.0277,0.0
7.02817,0.00046999999999997044
7.02864,0.0009399999999999409
7.029,0.00047999999999959186
7.02947,0.0009499999999995623
7.02994,0.0014199999999995327
7.03029,2.0000000000131024e-05
7.03076,0.0004900000000001015
7.03124,0.0009700000000005815
7.03159,0.00038999999999944635
7.03206,0.000860000000000305
7.03253,0.0013300000000002754
7.03295,0.0
7.03343,0.00048000000000048004
7.0339,0.0009500000000004505
7.03425,0.00048000000000048004
7.03472,0.0009500000000004505
7.0352,0.0014300000000000423
7.03555,2.9999999999752447e-05
7.03602,0.0004999999999997229
7.03649,0.0009699999999996933
7.03685,0.0003900000000003345
7.03732,0.000860000000000305
7.03779,0.0013300000000002754
7.03821,0.0
7.03868,0.00046999999999997044
7.03915,0.0009399999999999409
7.03951,0.00047999999999959186
7.03998,0.0009499999999995623
7.04045,0.0014199999999995327
7.0408,2.0000000000131024e-05
7.04128,0.0005000000000006111
7.04175,0.0009700000000005815
7.0421,0.00038999999999944635
7.04257,0.000860000000000305
7.04305,0.0013399999999998968
7.04347,0.0
7.04394,0.00046999999999997044
7.04441,0.0009399999999999409
7.04476,0.00048000000000048004
7.04524,0.0009600000000000719
7.04571,0.0014300000000000423
7.04606,2.0000000000131024e-05
7.04653,0.0004900000000001015
7.047,0.0009600000000000719
7.04736,0.0005100000000002325
7.04783,0.000980000000000203
7.0483,0.0014500000000001734
7.04872,0.0
7.04919,0.00046999999999997044
7.04967,0.0009499999999995623
7.05002,0.00047999999999959186
7.05049,0.0009499999999995623
7.05096,0.0014199999999995327
7.05132,2.9999999999752447e-05
7.05179,0.0004999999999997229
7.05226,0.0009700000000005815
7.05261,0.0004999999999997229
7.05309,0.000980000000000203
7.05356,0.0014500000000001734
7.05391,4.999999999988347e-05
7.05438,0.0005199999999998539
7.05486,0.0009999999999994458
7.05521,0.0005299999999994753
7.05568,0.0009999999999994458
7.05615,0.0014699999999994162
7.05655,0.0
7.05702,0.00046999999999997044
7.05749,0.0009399999999999409
7.05784,0.00047999999999959186
7.05832,0.0009600000000000719
7.05879,0.0014300000000000423
7.05914,2.0000000000131024e-05
7.05961,0.0004900000000001015
7.06009,0.0009699999999996933
7.06044,0.0005100000000002325
7.06091,0.000980000000000203
7.06138,0.0014500000000001734
7.06174,5.000000000077165e-05
7.06221,0.0005200000000007421
7.06268,0.0009900000000007125
7.06304,0.0005399999999999849
7.06351,0.0010099999999999554
7.06398,0.0014799999999999258
7.06433,7.00000000000145e-05
7.0648,0.0005399999999999849
7.06528,0.0010199999999995768
7.06563,0.0005599999999992278
7.0661,0.0010299999999991982
7.06657,0.0014999999999991687
7.06694,0.0
7.06741,0.00046999999999997044
7.06789,0.0009500000000004505
7.06824,0.00048000000000048004
7.06871,0.0009500000000004505
7.06918,0.001420000000000421
7.06954,2.9999999999752447e-05
7.07001,0.0004999999999997229
7.07048,0.0009699999999996933
7.07084,0.0005099999999993443
7.07131,0.000980000000000203
7.07178,0.0014500000000001734
7.07213,4.999999999988347e-05
7.0726,0.0005200000000007421
7.07308,0.001000000000000334
7.07343,0.0005300000000003635
7.0739,0.001000000000000334
7.07437,0.0014700000000003044
7.07473,7.999999999963592e-05
7.0752,0.0005499999999996064
7.07567,0.0010199999999995768
7.07603,0.000560000000000116
7.0765,0.0010300000000000864
7.07697,0.0015000000000000568
7.07734,0.0
7.07781,0.00046999999999997044
7.07828,0.0009399999999999409
7.07864,0.00048000000000048004
7.07911,0.0009500000000004505
7.07958,0.001420000000000421
7.07993,2.0000000000131024e-05
7.0804,0.0004900000000001015
7.08088,0.0009699999999996933
7.08123,0.0005099999999993443
7.0817,0.0009799999999993148
7.08217,0.0014499999999992852
7.08253,4.999999999988347e-05
7.083,0.0005199999999998539
7.08347,0.0009899999999998244
7.08383,0.0005399999999999849
7.0843,0.0010099999999999554
7.08477,0.0014799999999999258
7.08512,7.00000000000145e-05
7.0856,0.0005500000000004945
7.08607,0.001020000000000465
7.08642,0.000560000000000116
7.08689,0.0010300000000000864
7.08736,0.0015000000000000568
7.08772,9.999999999976694e-05
7.08819,0.0005699999999997374
7.08866,0.0010399999999997078
7.08902,0.00046999999999997044
7.08949,0.0009399999999999409
7.08996,0.0014099999999999113
7.09031,9.999999999621423e-06
7.09079,0.0004900000000001015
7.09126,0.0009600000000000719
7.09161,0.0004900000000001015
7.09208,0.0009600000000000719
7.09256,0.0014399999999996638
7.09291,4.000000000026205e-05
7.09338,0.0005100000000002325
7.09385,0.000980000000000203
7.09421,0.0005200000000007421
7.09468,0.0009900000000007125
7.09515,0.001460000000000683
7.0955,6.000000000039307e-05
7.09598,0.0005399999999999849
7.09645,0.0010099999999999554
7.0968,0.0005399999999999849
7.09727,0.0010099999999999554
7.09775,0.0014899999999995472
7.0981,8.999999999925734e-05
7.09857,0.0005599999999992278
7.09904,0.0010299999999991982
7.0994,0.0005699999999997374
7.09987,0.0010399999999997078
7.10034,0.0015099999999996783
7.1007,0.0
7.10117,0.00046999999999997044
7.10164,0.0009399999999999409
7.102,0.00048000000000048004
7.10247,0.0009500000000004505
7.10294,0.001420000000000421
7.10329,2.0000000000131024e-05
7.10376,0.0004900000000001015
7.10424,0.0009699999999996933
7.10459,0.0005100000000002325
7.10506,0.000980000000000203
7.10553,0.0014500000000001734
7.10589,4.999999999988347e-05
7.10636,0.0005199999999998539
7.10683,0.0009900000000007125
7.10792,0.0
7.10968,0.0
7.11051,0.0
7.11134,0.0
7.11228,0.0
7.11358,0.0
7.1144,0.0
7.11523,0.0
7.11617,0.0
7.11747,0.0
7.1183,0.0
7.11912,0.0
7.12007,0.0
7.22259,0.0
7.22387,0.0
7.2247,0.0
7.22564,0.0
7.22738,0.0
7.22821,0.0
7.22903,0.0
7.23042,0.0
7.23172,0.0
7.23275,0.0
7.23358,0.0
7.23452,0.0
7.23582,0.0
7.23664,0.0
7.23747,0.0
7.42034,0.0
7.42163,0.0
7.4229,0.0
7.42373,0.0
7.42467,0.0
7.42594,0.0
7.42724,0.0
7.42806,0.0
7.42921,0.0
7.43004,0.0
7.43134,0.0
7.43216,0.0
7.43311,0.0
7.434,0.0
7.43529,0.0
7.43612,0.0
7.43706,0.0
7.43789,0.0
7.43925,0.0
7.44008,0.0
7.44102,0.0
7.44185,0.0
7.44315,0.0
7.44397,0.0
7.44498,0.0
7.44581,0.0
7.4471,0.0
7.44793,0.0
7.44887,0.0
7.44976,0.0
7.45059,0.0
7.45189,0.0
7.45283,0.0
7.48098,0.0
7.48145,0.0
7.48227,0.0
7.48275,0.0
7.48357,0.0
7.48404,0.0
7.48487,0.0
7.48534,0.0
7.48617,0.0
7.48664,0.0
7.48746,0.0
7.48794,0.0
7.48876,0.0
7.48923,0.0
7.49006,0.0
7.49053,0.0
7.49136,0.0
7.49183,0.0
7.49265,0.0
7.49313,0.0
7.49395,0.0
7.49442,0.0
7.49525,0.0
7.49572,0.0
7.49655,0.0
7.49702,0.0
7.49784,0.0
7.49832,0.0
7.49914,0.0
7.49961,0.0
7.50044,0.0
7.50091,0.0
7.50174,0.0
7.50221,0.0
7.50304,0.0
7.50351,0.0
7.50434,0.0
7.50481,0.0
7.50563,0.0
7.50611,0.0
7.50693,0.0
7.5074,0.00046999999999997044
7.50903,0.0
7.5095,0.00046999999999997044
7.50997,0.0009399999999999409
7.51033,0.0011799999999997368
7.5108,0.0016499999999997073
7.51127,0.0021199999999996777
7.51163,0.0023699999999999832
7.5121,0.0028399999999999537
7.51257,0.003309999999999924
7.51292,0.0035400000000000986
7.5134,0.0040199999999996905
7.51387,0.004489999999999661
7.51422,0.0047199999999998354
7.51469,0.005189999999999806
7.51516,0.005659999999999776
7.51552,0.005910000000000082
7.51599,0.006380000000000052
7.51646,0.006850000000000023
7.51682,0.007089999999999819
7.51729,0.007559999999999789
7.51776,0.00802999999999976
7.51811,0.008259999999999934
7.51859,0.008739999999999526
7.51906,0.009209999999999496
7.51941,0.009449999999999292
7.51988,0.009919999999999263
7.52036,0.010399999999999743
7.52071,0.010629999999999917
7.52118,0.011099999999999888
7.52165,0.011569999999999858
7.52201,0.011809999999999654
7.52248,0.012279999999999625
7.52295,0.012749999999999595
7.5233,0.01297999999999977
7.52378,0.01346000000000025
7.52425,0.01393000000000022
7.5246,0.014170000000000016
7.52507,0.014639999999999986
7.52555,0.015119999999999578
7.5259,0.015349999999999753
7.52637,0.015819999999999723
7.52684,0.016289999999999694
7.5272,0.01652999999999949
7.52767,0.01699999999999946
7.52814,0.01746999999999943
7.52849,0.017710000000000115
7.52897,0.018190000000000595
7.52944,0.018660000000000565
7.52979,0.01888999999999985
7.53026,0.019359999999999822
7.53074,0.019839999999999414
7.53109,0.020069999999999588
7.53156,0.02053999999999956
7.53203,0.02100999999999953
7.53239,0.021260000000000723
7.53286,0.021730000000000693
7.53333,0.022200000000000664
7.53368,0.02242999999999995
7.53416,0.022909999999999542
7.53463,0.023379999999999512
7.53498,0.023609999999999687
7.53545,0.024079999999999657
7.53593,0.02455999999999925
7.53628,0.024799999999999933
7.53675,0.025269999999999904
7.53722,0.025739999999999874
7.53758,0.025980000000000558
7.53805,0.02645000000000053
7.53852,0.0269200000000005
7.53888,0.027159999999999407
7.53935,0.027629999999999377
7.53982,0.028099999999999348
7.54017,0.028340000000000032
7.54064,0.028810000000000002
7.54112,0.029290000000000482
7.54147,0.029520000000000657
7.54194,0.029990000000000627
7.54241,0.030460000000000598
7.54277,0.030700000000000394
7.54324,0.031170000000000364
7.54371,0.031640000000000335
7.54407,0.03188999999999975
7.54454,0.03235999999999972
7.54501,0.03283000000000058
7.54536,0.03305999999999987
7.54584,0.03354000000000035
7.54631,0.03401000000000032
7.54666,0.03424000000000049
7.54713,0.03471000000000046
7.5476,0.03518000000000043
7.54796,0.03542999999999985
7.54843,0.03589999999999982
7.5489,0.03636999999999979
7.54926,0.036610000000000475
7.54973,0.037080000000000446
7.5502,0.037550000000000416
7.55055,0.03778000000000059
7.55103,0.03826000000000018
7.5515,0.03873000000000015
7.55185,0.03896999999999995
7.55232,0.03943999999999992
7.5528,0.0399200000000004
7.55315,0.040149999999999686
7.55362,0.040619999999999656
7.55409,0.041090000000000515
7.55445,0.04133000000000031
7.55492,0.04180000000000028
7.55539,0.04227000000000025
7.55574,0.042500000000000426
7.55622,0.04298000000000002
7.55669,0.04328999999999983
7.55704,0.04316999999999993
7.55751,0.04328999999999983
7.55799,0.04330000000000034
7.55834,0.04318000000000044
7.55881,0.04328999999999983
7.55928,0.04328999999999983
7.55964,0.04317999999999955
7.56011,0.04328999999999983
7.56058,0.04328999999999983
7.56093,0.04316999999999993
7.56141,0.04330000000000034
7.56188,0.04329000000000072
7.56223,0.04316999999999993
7.5627,0.04329000000000072
7.56318,0.04330000000000034
7.56353,0.04316999999999993
7.564,0.04328999999999983
7.56447,0.04328999999999983
7.56483,0.04317999999999955
7.5653,0.04328999999999983
7.91053,0.0
7.911,0.00046999999999997044
7.91148,0.00011999999999989797
7.91218,0.0
7.91266,0.00047999999999959186
7.91313,0.0
7.9136,0.00046999999999997044
7.91407,0.00011999999999989797
7.91454,0.0005899999999998684
7.91502,0.00023999999999979593
7.91549,0.0007099999999997664
7.91596,0.00023999999999979593
7.91643,0.0007099999999997664
7.9169,0.0003500000000000725
7.91738,9.999999999621423e-06
7.91785,0.00047999999999959186
7.91832,0.0
7.91879,0.0004700000000008586
7.91926,0.00012000000000078614
7.91974,0.000600000000000378
7.92021,0.00023999999999979593
7.92068,0.0007099999999997664
7.92115,0.00023999999999979593
7.92162,0.0007099999999997664
7.9221,0.0003600000000005821
7.92257,1.0000000000509601e-05
7.92304,0.00048000000000048004
7.92351,0.0
7.92398,0.00046999999999997044
7.92446,0.0001299999999995194
7.92493,0.0005999999999994898
7.9254,0.00023999999999979593
7.92587,0.0007099999999997664
7.92634,0.00023999999999979593
7.92682,0.000720000000000276
7.92729,0.0003600000000005821
7.92776,0.0
7.92823,0.00046999999999997044
7.9287,0.0
7.92918,0.00047999999999959186
7.92965,0.0001299999999995194
7.93012,0.0005999999999994898
7.93059,0.00023999999999979593
7.93129,0.0
7.93177,0.00048000000000048004
7.93224,0.0009500000000004505
7.93271,0.0005899999999998684
7.93318,0.0002300000000001745
7.93365,0.000700000000000145
7.93413,0.00023999999999979593
7.9346,0.0007099999999997664
7.93507,0.0003499999999991843
7.93554,0.0008199999999991547
7.93601,0.00046999999999997044
7.93649,9.999999999621423e-06
7.93696,0.00047999999999959186
7.93743,0.00011999999999989797
7.9379,0.0005899999999998684
7.93837,0.0002300000000001745
7.93885,0.0007100000000006546
7.93932,0.0002400000000006841
7.93979,0.0007100000000006546
7.94026,0.0003500000000000725
7.94073,0.0008200000000000429
7.94121,0.00047999999999959186
7.94168,0.0
7.94215,0.00046999999999997044
7.94262,0.00011999999999989797
7.94309,0.0005899999999998684
7.94357,0.0002400000000006841
7.94404,0.0007100000000006546
7.94451,0.00023999999999979593
7.94498,0.0007099999999997664
7.94545,0.0003500000000000725
7.94593,0.0008299999999996643
7.9464,0.00047999999999959186
7.94687,0.0
7.94734,0.00046999999999997044
7.94781,0.00011999999999989797
7.94829,0.000600000000000378
7.94876,0.00023999999999979593
7.94923,0.0007099999999997664
7.9497,0.00023999999999979593
7.95017,0.0007099999999997664
7.95065,0.0003600000000005821
7.95112,0.0008300000000005525
7.95159,0.00048000000000048004
7.95206,0.0
7.95253,0.00046999999999997044
7.95301,0.0001299999999995194
7.95348,0.0005999999999994898
7.95395,0.00023999999999979593
7.95442,0.0007099999999997664
7.95489,0.00023999999999979593
7.95537,0.000720000000000276
7.95584,0.0003600000000005821
7.95631,1.0000000000509601e-05
7.95678,0.00048000000000048004
7.95725,0.0
7.95773,0.00047999999999959186
7.9582,0.0001299999999995194
7.95867,0.0005999999999994898
7.95914,0.00023999999999979593
7.95961,0.0007099999999997664
7.96009,0.00025000000000030553
7.96056,0.000720000000000276
7.96103,0.0003599999999996939
7.9615,9.999999999621423e-06
7.96197,0.00047999999999959186
7.96245,9.999999999621423e-06
7.96292,0.00048000000000048004
7.96339,0.00013000000000040757
7.96386,0.000600000000000378
7.96433,0.0002400000000006841
7.96481,0.000720000000000276
7.96528,0.00025000000000030553
7.96575,0.000720000000000276
7.96622,0.0003599999999996939
8.16633,0.0
8.31204,0.0
8.31251,0.00046999999999997044
8.31321,0.0
8.31369,0.00047999999999959186
8.31416,0.0
8.31463,0.00046999999999997044
8.3151,0.0
8.31557,0.00046999999999997044
8.31605,0.0
8.31652,0.00046999999999997044
8.31699,0.0
8.31746,0.00046999999999997044
8.31793,0.0
8.31841,0.00047999999999959186
8.31888,0.0
8.31935,0.00046999999999997044
8.31982,0.0
8.32029,0.00046999999999997044
8.32077,0.0
8.32124,0.00046999999999997044
8.32171,0.0
8.32218,0.00046999999999997044
8.32265,0.0
8.32313,0.0004800000000013682
8.3236,0.0
8.32407,0.00046999999999997044
8.32454,0.0
8.32501,0.00046999999999997044
8.32549,0.0
8.32596,0.00046999999999997044
8.32643,0.0
8.3269,0.00046999999999997044
8.32737,0.0
8.32785,0.00047999999999959186
8.32832,0.0
8.32879,0.00046999999999997044
8.32926,0.0
8.32973,0.00046999999999997044
8.33021,0.0
8.33068,0.00046999999999997044
8.33115,0.0009399999999999409
8.33162,0.00046999999999997044
8.33209,0.0009400000000017172
8.33257,0.0002500000000011937
8.33304,0.0007200000000011642
8.33351,0.00023999999999979593
8.33398,0.0007099999999997664
8.33445,0.00023999999999979593
8.33493,0.0007199999999993878
8.3354,0.00023999999999979593
8.33587,0.0007099999999997664
8.33634,0.00023999999999979593
8.33681,0.0007099999999997664
8.33729,0.00024999999999941735
8.33776,0.0007199999999993878
8.33823,0.00023999999999979593
8.3387,0.0007099999999997664
8.33917,0.00023999999999979593
8.33965,0.0007200000000011642
8.34012,0.00023999999999979593
8.34059,0.0007099999999997664
8.34106,0.00023999999999979593
8.34153,0.0007099999999997664
8.34201,0.00024999999999941735
8.34248,0.0007199999999993878
8.34295,0.00023999999999979593
8.34342,0.0007099999999997664
8.34389,0.00023999999999979593
8.34437,0.0007199999999993878
8.34484,0.00023999999999979593
8.34531,0.0007099999999997664
8.34578,0.00023999999999979593
8.34625,0.0007099999999997664
8.34673,0.0002500000000011937
8.3472,0.0007200000000011642
8.34767,0.0002400000000015723
8.34814,0.0007100000000015427
8.34861,0.0002400000000015723
8.34909,0.0007200000000011642
8.34956,0.00023999999999979593
8.35003,0.0007099999999997664
8.3505,0.00023999999999979593
8.35097,0.0007099999999997664
8.35145,0.00024999999999941735
8.35192,0.0007199999999993878
8.35239,0.00023999999999979593
8.35286,0.0007099999999997664
8.35333,0.00023999999999979593
8.35381,0.0007199999999993878
8.35428,0.00023999999999979593
8.35475,0.0007099999999997664
8.35522,0.00023999999999979593
8.35569,0.0007099999999997664
8.35617,0.0002500000000011937
8.35664,0.0007200000000011642
8.35711,0.00023999999999979593
8.35758,0.0007099999999997664
8.35805,0.00023999999999979593
8.35853,0.0007199999999993878
8.359,0.00023999999999979593
8.35947,0.0007099999999997664
8.35994,0.00023999999999979593
8.36041,0.0007099999999997664
8.36089,0.00024999999999941735
8.36136,0.0007199999999993878
8.36183,0.00023999999999979593
8.3623,0.0007099999999997664
8.36277,0.00023999999999979593
8.36325,0.0007200000000011642
8.36372,0.0002400000000015723
8.36419,0.0007100000000015427
8.36466,0.00023999999999979593
8.36513,0.0007099999999997664
8.36561,0.00024999999999941735
8.36608,0.0007199999999993878
8.36655,0.00023999999999979593
8.36702,0.0007099999999997664
8.36749,0.00023999999999979593
8.36797,0.0007199999999993878
8.71307,0.0
8.71354,0.00046999999999997044
8.71424,0.0
8.71472,0.00047999999999959186
8.71519,0.0
8.71566,0.00046999999999997044
8.71613,0.0
8.7166,0.00046999999999997044
8.71708,0.0
8.71755,0.00046999999999997044
8.71802,0.0
8.71849,0.00046999999999997044
8.71896,0.0
8.71944,0.0004800000000013682
8.71991,0.0
8.72038,0.00046999999999997044
8.72085,0.0
8.72132,0.00046999999999997044
8.7218,0.0
8.72227,0.00046999999999997044
8.72274,0.0
8.72321,0.00046999999999997044
8.72368,0.0
8.72416,0.00047999999999959186
8.72463,0.0
8.7251,0.00046999999999997044
8.72557,0.0
8.72604,0.00046999999999997044
8.72652,0.0
8.72699,0.00046999999999997044
8.72746,0.0
8.72793,0.00046999999999997044
8.7284,0.0
8.72888,0.00047999999999959186
8.72935,0.0
8.72982,0.00046999999999997044
8.73029,0.0
8.73076,0.00046999999999997044
8.73124,0.0
8.73171,0.00046999999999997044
8.73218,0.0
8.73265,0.00046999999999997044
8.73312,0.0
8.7336,0.00047999999999959186
8.73407,0.0
8.73454,0.0004700000000017468
8.73501,0.0
8.73548,0.00046999999999997044
8.73596,0.0
8.73643,0.00046999999999997044
8.7369,0.0
8.73737,0.00046999999999997044
8.73784,0.0
8.73832,0.00047999999999959186
8.73879,0.0
8.73926,0.00046999999999997044
8.73973,0.0
8.7402,0.00046999999999997044
8.74068,0.0
8.74115,0.00046999999999997044
8.74162,0.0
8.74209,0.00046999999999997044
8.74256,0.0
8.74304,0.0004800000000013682
8.74351,0.0
8.74398,0.00046999999999997044
8.74445,0.0
8.74492,0.00046999999999997044
8.7454,0.0
8.74587,0.00046999999999997044
8.74634,0.0
8.74681,0.00046999999999997044
8.74728,0.0
8.74776,0.00047999999999959186
8.74823,0.0
8.7487,0.00046999999999997044
8.74917,0.0
8.74964,0.00046999999999997044
8.75012,0.0
8.75059,0.00046999999999997044
8.75106,0.0
8.75153,0.00046999999999997044
8.752,0.0
8.75248,0.00047999999999959186
8.75295,0.0
8.75342,0.00046999999999997044
8.75389,0.0
8.75436,0.00046999999999997044
8.75484,0.0
8.75531,0.00046999999999997044
8.75578,0.0
8.75625,0.00046999999999997044
8.75672,0.0
8.7572,0.00047999999999959186
8.75767,0.0
8.75814,0.00046999999999997044
8.75861,0.0
8.75908,0.0004700000000017468
8.75956,0.0
8.76003,0.00046999999999997044
8.7605,0.0
8.76097,0.00046999999999997044
8.76144,0.0
8.76192,0.00047999999999959186
8.76239,0.0
8.76286,0.00046999999999997044
8.76333,0.0
8.7638,0.00046999999999997044
8.76428,0.0
8.76475,0.00046999999999997044
8.76522,0.0
8.76569,0.00046999999999997044
8.76616,0.0
8.76664,0.0004800000000013682
8.76711,0.0
8.76758,0.00046999999999997044
8.76805,0.0
8.76852,0.00046999999999997044
8.769,0.0
8.76947,0.00046999999999997044
9.11457,0.0
9.11504,0.00046999999999997044
9.11575,0.0
9.11622,0.00046999999999997044
9.11669,0.0
9.11716,0.00046999999999997044
9.11764,0.0
9.11811,0.00046999999999997044
9.11858,0.0
9.11905,0.00046999999999997044
9.11952,0.0
9.12,0.00047999999999959186
9.12047,0.0
9.12094,0.00046999999999997044
9.12141,0.0
9.12188,0.0004700000000017468
9.12236,0.0
9.12283,0.00046999999999997044
9.1233,0.0
9.12377,0.00046999999999997044
9.12424,0.0
9.12472,0.00047999999999959186
9.12519,0.0
9.12566,0.00046999999999997044
9.12613,0.0
9.1266,0.00046999999999997044
9.12708,0.0
9.12755,0.00046999999999997044
9.12802,0.0
9.12849,0.00046999999999997044
9.12896,0.0
9.12944,0.0004800000000013682
9.12991,0.0
9.13038,0.00046999999999997044
9.13085,0.0
9.13132,0.00046999999999997044
9.1318,0.0
9.13227,0.00046999999999997044
9.13274,0.0
9.13321,0.00046999999999997044
9.13368,0.0
9.13416,0.00047999999999959186
9.13463,0.0
9.1351,0.00046999999999997044
9.13557,0.0
9.13604,0.00046999999999997044
9.13652,0.0
9.13699,0.00046999999999997044
9.13746,0.0
9.13793,0.00046999999999997044
9.1384,0.0
9.13888,0.00047999999999959186
9.13935,0.0
9.13982,0.00046999999999997044
9.14029,0.0
9.14076,0.00046999999999997044
9.14124,0.0
9.14171,0.00046999999999997044
9.14218,0.0
9.14265,0.00046999999999997044
9.14312,0.0
9.1436,0.00047999999999959186
9.14407,0.0
9.14454,0.00046999999999997044
9.14501,0.0
9.14548,0.00046999999999997044
9.14596,0.0
9.14643,0.00046999999999997044
9.1469,0.0
9.14737,0.00046999999999997044
9.14784,0.0009399999999999409
9.14832,0.00047999999999959186
9.14879,0.0009499999999995623
9.14926,0.00046999999999997044
9.14973,0.0009399999999999409
9.1502,0.00046999999999997044
9.15068,0.0009499999999995623
9.15115,0.00046999999999997044
9.15162,0.0009399999999999409
9.15209,0.00046999999999997044
9.15256,0.0009399999999999409
9.15304,0.0004800000000013682
9.15351,0.0009500000000013387
9.15398,0.00046999999999997044
9.15445,0.0009399999999999409
9.15492,0.00046999999999997044
9.1554,0.0009499999999995623
9.15587,0.00046999999999997044
9.15634,0.0009399999999999409
9.15681,0.00046999999999997044
9.15728,0.0009399999999999409
9.15776,0.00047999999999959186
9.15823,0.0009499999999995623
9.1587,0.00046999999999997044
9.15917,0.0009399999999999409
9.15964,0.00046999999999997044
9.16012,0.0009499999999995623
9.16059,0.00046999999999997044
9.16106,0.0009400000000017172
9.16153,0.00046999999999997044
9.162,0.0009399999999999409
9.16248,0.00047999999999959186
9.16295,0.0009499999999995623
9.16342,0.00046999999999997044
9.16389,0.0009399999999999409
9.16436,0.00046999999999997044
9.16484,0.0009499999999995623
9.16531,0.00046999999999997044
9.16578,0.0009399999999999409
9.16625,0.00046999999999997044
9.16672,0.0009399999999999409
9.1672,0.00047999999999959186
9.16767,0.0009499999999995623
9.16814,0.00046999999999997044
9.16861,0.0009399999999999409
9.16908,0.00046999999999997044
9.16956,0.0009500000000013387
9.17003,0.00046999999999997044
9.1705,0.0009399999999999409
9.17097,0.00046999999999997044
9.17144,0.0009399999999999409
9.51607,0.0
9.51654,0.0004700000000017468
9.51725,0.0
9.51772,0.00046999999999997044
9.51819,0.0
9.51867,0.00047999999999959186
9.51914,0.0
9.51961,0.00046999999999997044
9.52008,0.0
9.52055,0.00046999999999997044
9.52103,0.0
9.5215,0.00046999999999997044
9.52197,0.0
9.52244,0.00046999999999997044
9.52291,0.0
9.52339,0.00047999999999959186
9.52386,0.0
9.52433,0.00046999999999997044
9.5248,0.0
9.52527,0.00046999999999997044
9.52575,0.0
9.52622,0.00046999999999997044
9.52669,0.0
9.52716,0.00046999999999997044
9.52763,0.0
9.52811,0.00047999999999959186
9.52858,0.0
9.52905,0.00046999999999997044
9.52952,0.0
9.52999,0.00046999999999997044
9.53047,0.0
9.53094,0.00046999999999997044
9.53141,0.0
9.53188,0.00046999999999997044
9.53235,0.0
9.53283,0.0004800000000013682
9.5333,0.0
9.53377,0.00046999999999997044
9.53424,0.0
9.53471,0.00046999999999997044
9.53519,0.0
9.53566,0.00046999999999997044
9.53613,0.0
9.5366,0.00046999999999997044
9.53707,0.0
9.53755,0.00047999999999959186
9.53802,0.0
9.53849,0.00046999999999997044
9.53896,0.0
9.53943,0.00046999999999997044
9.53991,0.0
9.54038,0.00046999999999997044
9.54085,0.0
9.54132,0.00046999999999997044
9.54179,0.0
9.54227,0.00047999999999959186
9.54274,0.0
9.54321,0.00046999999999997044
9.54368,0.0
9.54415,0.00046999999999997044
9.54463,0.0
9.5451,0.00046999999999997044
9.54557,0.0
9.54604,0.00046999999999997044
9.54651,0.0
9.54699,0.00047999999999959186
9.54746,0.0
9.54793,0.00046999999999997044
9.5484,0.0
9.54887,0.00046999999999997044
9.54935,0.0
9.54982,0.00046999999999997044
9.55029,0.0
9.55076,0.00046999999999997044
9.55123,0.0
9.55171,0.00047999999999959186
9.55218,0.0
9.55265,0.00046999999999997044
9.55312,0.0
9.55359,0.00046999999999997044
9.55407,0.0
9.55454,0.00046999999999997044
9.55501,0.0
9.55548,0.00046999999999997044
9.55595,0.0
9.55643,0.0004800000000013682
9.5569,0.0
9.55737,0.00046999999999997044
9.55784,0.0
9.55831,0.00046999999999997044
9.55879,0.0
9.55926,0.00046999999999997044
9.55973,0.0
9.5602,0.00046999999999997044
9.56067,0.0
9.56115,0.00047999999999959186
9.56162,0.0
9.56209,0.00046999999999997044
9.56256,0.0
9.56303,0.00046999999999997044
9.56351,0.0
9.56398,0.00046999999999997044
9.56445,0.0
9.56492,0.00046999999999997044
9.56539,0.0
9.56587,0.00047999999999959186
9.56634,0.0
9.56681,0.00046999999999997044
9.56728,0.0
9.56775,0.00046999999999997044
9.56823,0.0
9.5687,0.00046999999999997044
9.56917,0.0
9.56964,0.00046999999999997044
9.57011,0.0
9.57059,0.00047999999999959186
9.57106,0.0
9.57153,0.00046999999999997044
9.572,0.0
9.57247,0.00046999999999997044
9.77247,0.0
9.91757,0.0
9.91804,0.00046999999999997044
9.91875,0.0
9.91922,0.00046999999999997044
9.9197,0.0
9.92017,0.00046999999999997044
9.92064,0.0
9.92111,0.00046999999999997044
9.92158,0.0
9.92206,0.00047999999999959186
9.92253,0.0
9.923,0.00046999999999997044
9.92347,0.0
9.92394,0.00046999999999997044
9.92442,0.0
9.92489,0.00046999999999997044
9.92536,0.0
9.92583,0.00046999999999997044
9.9263,0.0
9.92678,0.0004800000000013682
9.92725,0.0
9.92772,0.00046999999999997044
9.92819,0.0
9.92866,0.00046999999999997044
9.92914,0.0
9.92961,0.00046999999999997044
9.93008,0.0
9.93055,0.00046999999999997044
9.93102,0.0
9.9315,0.00047999999999959186
9.93197,0.0
9.93244,0.00046999999999997044
9.93291,0.0
9.93338,0.00046999999999997044
9.93386,0.0
9.93433,0.00046999999999997044
9.9348,0.0
9.93527,0.00046999999999997044
9.93574,0.0
9.93622,0.0004800000000013682
9.93669,0.0
9.93716,0.00046999999999997044
9.93763,0.0
9.9381,0.00046999999999997044
9.93858,0.0
9.93905,0.00046999999999997044
9.93952,0.0
9.93999,0.00046999999999997044
9.94046,0.0
9.94094,0.00047999999999959186
9.94141,0.0
9.94188,0.00046999999999997044
9.94235,0.0
9.94282,0.00046999999999997044
9.9433,0.0
9.94377,0.00046999999999997044
9.94424,0.0
9.94471,0.00046999999999997044
9.94518,0.0
9.94566,0.00047999999999959186
9.94613,0.0
9.9466,0.00046999999999997044
9.94707,0.0
9.94754,0.00046999999999997044
9.94802,0.0
9.94849,0.00046999999999997044
9.94896,0.0
9.94943,0.00046999999999997044
9.9499,0.0
9.95038,0.00047999999999959186
9.95085,0.0
9.95132,0.00046999999999997044
9.95179,0.0
9.95226,0.00046999999999997044
9.95274,0.0
9.95321,0.00046999999999997044
9.95368,0.0
9.95415,0.00046999999999997044
9.95462,0.0
9.9551,0.00047999999999959186
9.95557,0.0
9.95604,0.00046999999999997044
9.95651,0.0
9.95698,0.00046999999999997044
9.95746,0.0
9.95793,0.00046999999999997044
9.9584,0.0
9.95887,0.00046999999999997044
9.95934,0.0
9.95982,0.0004800000000013682
9.96029,0.0
9.96076,0.00046999999999997044
9.96123,0.0
9.9617,0.00046999999999997044
9.96218,0.0
9.96265,0.00046999999999997044
9.96312,0.0009399999999999409
9.96359,0.00046999999999997044
9.96406,0.0009399999999999409
9.96454,0.00047999999999959186
9.96501,0.0009499999999995623
9.96548,0.00046999999999997044
9.96595,0.0009399999999999409
9.96642,0.00046999999999997044
9.9669,0.0009500000000013387
9.96737,0.00046999999999997044
9.96784,0.0009399999999999409
9.96831,0.00046999999999997044
9.96878,0.0009399999999999409
9.96926,0.00047999999999959186
9.96973,0.0009499999999995623
9.9702,0.00046999999999997044
9.97067,0.0009399999999999409
9.97114,0.00046999999999997044
9.97162,0.0009499999999995623
9.97209,0.00046999999999997044
9.97256,0.0009399999999999409
9.97303,0.00046999999999997044
9.9735,0.0009399999999999409
9.97398,0.00047999999999959186
9.97445,0.0009499999999995623
